"Object","Close-Approach (CA) Date (TDB)YYYY-mmm-DD HH:MM ± D_HH:MM","CA DistanceNominal(LD/AU)","CA DistanceMinimum(LD/AU)","Vrelative(km/s)","Vinfinity(km/s)","Nsigma","H(mag)","ref","class"
"(2015 TC25)","2017-Mar-26 14:51 ±   00:06","7.63/0.01961","7.59/0.01951","3.31","3.27","3.14e+05","29.5","10","APO*"
"(2017 FL63)","2017-Mar-26 23:14 ±   00:01","4.16/0.01070","4.12/0.01060","17.29","17.28","240","26.1","1","APO*"
"(2017 FF3)","2017-Mar-27 03:21 ±   00:02","5.75/0.01477","5.74/0.01474","2.89","2.83","812","26.9","2","APO*"
"(2017 FK3)","2017-Mar-27 20:49 ±   00:01","9.08/0.02333","8.99/0.02310","8.93","8.91","202","26.1","1","APO*"
"215588 (2003 HF2)","2017-Mar-28 19:43 ±","16.61/0.04268","16.61/0.04268","22.89","22.89","7.52e+04","19.4","59","APO*"
"(2017 FV)","2017-Apr-02 03:42 ±   00:01","9.02/0.02317","8.94/0.02296","14.16","14.15","259","24.3","4","APO*"
"(2017 EB3)","2017-Apr-04 06:11 ±   00:02","13.75/0.03532","13.68/0.03515","4.26","4.24","327","25.0","5","APO*"
"(2017 DC38)","2017-Apr-05 23:04 ±","14.58/0.03746","14.55/0.03740","6.46","6.45","1.36e+03","24.5","11","AMO*"
"(2014 UR)","2017-Apr-19 05:34 ±","18.74/0.04817","18.74/0.04817","4.39","4.38","4.6e+06","26.6","24","ATE*"
"(2014 JO25)","2017-Apr-19 12:24 ±","4.57/0.01175","4.57/0.01175","33.56","33.55","1.02e+05","18.1","21","APO*"
"(2015 VD1)","2017-May-07 23:07 ±   01:58","17.89/0.04598","16.08/0.04133","10.51","10.50","4.25e+04","25.1","11","APO*"
"(2017 CS)","2017-May-29 15:45 ±   00:02","7.93/0.02037","7.92/0.02035","9.13","9.12","2.37e+04","19.4","23","APO*"
"418094 (2007 WV4)","2017-Jun-01 12:09 ±","7.96/0.02045","7.96/0.02045","23.24","23.23","8.4e+04","19.3","42","APO*"
"(2010 VB1)","2017-Jun-16 05:20 ±   00:02","10.21/0.02624","10.21/0.02622","8.33","8.32","1.34e+05","23.2","16","APO*"
"471984 (2013 UE3)","2017-Jun-18 21:16 ±","19.03/0.04890","19.03/0.04889","7.69","7.68","1.82e+05","22.7","31","APO*"
"441987 (2010 NY65)","2017-Jun-24 06:38 ±","7.89/0.02028","7.89/0.02028","12.68","12.67","9.1e+06","21.5","67","ATE*"
"(2017 BS5)","2017-Jul-23 19:19 ±","3.16/0.00812","3.12/0.00801","5.81","5.75","1.9e+04","24.1","5","APO*"
"(2014 OA339)","2017-Aug-13 13:45 ± 1_06:31","12.66/0.03252","11.54/0.02964","10.12","10.11","5.35e+04","24.4","5","APO*"
"3122 Florence","2017-Sep-01 12:06 ±","18.38/0.04724","18.38/0.04724","13.53","13.53","4.47e+05","14.1","359","AMO*"
"(2014 RC)","2017-Sep-11 14:20 ±   00:07","15.10/0.03881","15.06/0.03870","8.92","8.92","7.83e+04","26.8","22","APO*"
"(1989 VB)","2017-Sep-29 19:58 ±   00:04","7.88/0.02024","7.87/0.02023","6.29","6.27","1.94e+04","19.7","12","APO*"
"(2012 TC4)","2017-Oct-12 05:45 ±   04:59","0.13/0.00034","0.03/8.8e-05","7.62","6.52","1.15e+04","26.7","23","APO*"
"(2005 TE49)","2017-Oct-14 05:31 ±   05:57","4.40/0.01131","3.23/0.00831","10.44","10.42","1.22e+03","26.7","6","ATE*"
"(2013 UM9)","2017-Oct-15 09:09 ± 1_23:36","15.33/0.03939","7.12/0.01830","7.67","7.66","6.41e+03","24.8","6","APO*"
"(2006 TU7)","2017-Oct-18 21:22 ±","18.60/0.04780","18.60/0.04780","13.26","13.26","5.05e+05","21.9","20","ATE*"
"171576 (1999 VP11)","2017-Oct-22 11:02 ±","5.77/0.01483","5.77/0.01483","21.20","21.19","2.46e+04","18.6","55","APO*"
"(2003 UV11)","2017-Oct-31 03:01 ±","14.97/0.03847","14.97/0.03847","24.52","24.52","2.16e+06","19.5","52","APO*"
"444584 (2006 UK)","2017-Nov-17 21:09 ±","8.66/0.02226","8.66/0.02226","14.80","14.79","2.39e+05","20.2","48","APO*"
"(2010 VD139)","2017-Nov-29 07:47 ± 3_06:39","4.94/0.01270","4.89/0.01255","5.68","5.64","1.32e+05","26.2","8","ATE*"
"(2008 WM61)","2017-Dec-03 06:33 ± 2_23:48","3.83/0.00983","3.09/0.00793","4.69","4.63","3.39e+05","26.7","12","APO*"
"(2015 XX169)","2017-Dec-14 00:07 ±","9.71/0.02494","9.71/0.02494","6.25","6.23","8.64e+04","27.5","6","APO*"
"(2011 YD29)","2017-Dec-19 05:41 ±   20:56","19.26/0.04949","10.96/0.02815","7.84","7.83","1.43e+04","26.3","4","ATE*"
"(2006 XY)","2017-Dec-19 19:21 ± 1_19:10","5.90/0.01516","2.78/0.00714","4.93","4.89","1.61e+05","24.0","14","APO*"
"418849 (2008 WM64)","2017-Dec-22 10:15 ±","15.25/0.03918","15.25/0.03918","17.38","17.38","5.4e+05","20.7","37","APO*"
"(2015 YQ1)","2017-Dec-22 14:18 ±   00:14","17.10/0.04393","16.54/0.04251","11.13","11.12","5.72e+04","28.0","7","APO*"
"306383 (1993 VD)","2018-Jan-22 18:58 ±","14.32/0.03680","14.32/0.03679","17.40","17.40","1.18e+05","21.5","29","ATE*"
"(2002 CB19)","2018-Feb-02 22:38 ±   18:56","10.30/0.02646","9.70/0.02493","15.61","15.61","3.02e+04","25.0","11","APO*"
"276033 (2002 AJ129)","2018-Feb-04 21:31 ±","10.95/0.02813","10.95/0.02813","34.04","34.04","1.26e+05","18.7","57","APO*"
"(2015 BN509)","2018-Feb-09 19:59 ±","12.84/0.03298","12.84/0.03298","17.72","17.71","6.8e+05","20.7","45","APO*"
"(1991 VG)","2018-Feb-11 21:19 ±   00:12","18.36/0.04717","18.32/0.04707","2.05","2.02","1.05e+05","28.5","9","APO*"
"(2014 WQ202)","2018-Feb-11 23:34 ±   01:30","14.84/0.03812","12.18/0.03130","19.74","19.74","829","23.8","7","ATE*"
"(2016 CO246)","2018-Feb-22 04:45 ±","15.21/0.03910","15.21/0.03909","5.38","5.37","2.69e+05","26.1","11","APO*"
"(2017 DR109)","2018-Feb-24 05:22 ±   00:21","3.72/0.00956","3.29/0.00846","7.37","7.33","3.91e+04","27.6","1","ATE*"
"(2016 FU12)","2018-Feb-26 21:52 ±   02:17","13.15/0.03380","12.48/0.03207","4.51","4.49","415","26.9","3","APO*"
"(2014 EY24)","2018-Feb-27 03:01 ±   00:20","14.74/0.03786","14.71/0.03779","8.02","8.01","3.28e+05","24.1","18","APO*"
"(2015 BF511)","2018-Feb-28 15:25 ±   21:24","11.46/0.02946","8.09/0.02080","5.76","5.74","8.42e+04","24.8","11","APO*"
"(2003 EM1)","2018-Mar-07 03:23 ±   00:10","16.67/0.04284","15.83/0.04066","7.98","7.97","2.58e+04","24.5","13","ATE*"
"(2015 DK200)","2018-Mar-10 08:16 ± 1_00:54","7.12/0.01830","5.73/0.01473","8.00","7.99","4.11e+05","25.6","10","APO*"
"(2017 FZ2)","2016-Mar-24 01:47 ±   00:04","7.59/0.01951","7.47/0.01919","7.94","7.92","1.44e+05","26.7","2","ATE*"
"(2016 EQ1)","2016-Mar-24 04:47 ±","8.29/0.02131","8.27/0.02126","5.70","5.68","754","26.3","14","APO*"
"(2016 GF1)","2016-Mar-24 12:55 ±","11.23/0.02886","11.20/0.02878","8.19","8.18","618","26.0","7","APO*"
"(2016 GH134)","2016-Mar-25 04:41 ±","12.94/0.03326","12.88/0.03310","19.52","19.52","763","22.6","4","APO*"
"(2016 FW3)","2016-Mar-25 05:20 ±","8.41/0.02160","8.39/0.02156","8.75","8.73","1.03e+03","25.5","8","APO*"
"455148 (1994 UG)","2016-Mar-25 07:31 ±","17.28/0.04441","17.28/0.04441","7.38","7.37","9.04e+05","21.1","68","APO*"
"(2016 FU6)","2016-Mar-25 19:19 ±   00:01","0.47/0.00120","0.46/0.00119","10.27","10.05","1.31e+03","28.9","2","APO*"
"(2016 FG14)","2016-Mar-25 21:50 ±","17.29/0.04443","17.09/0.04390","12.75","12.74","175","26.2","4","ATE*"
"(2016 GF135)","2016-Mar-26 09:51 ±   00:01","10.86/0.02791","10.74/0.02759","7.70","7.69","578","26.2","4","APO*"
"(2016 GK135)","2016-Mar-26 13:53 ±   00:05","8.00/0.02057","7.98/0.02050","2.48","2.43","509","28.1","5","ATE*"
"(2016 GD2)","2016-Mar-27 01:31 ±","16.19/0.04160","16.03/0.04120","8.43","8.43","195","26.5","3","APO*"
"(2016 GK2)","2016-Mar-27 01:34 ±","3.07/0.00788","3.06/0.00786","9.38","9.35","727","27.7","7","APO*"
"(2016 FA14)","2016-Mar-28 06:32 ±","1.65/0.00424","1.65/0.00423","15.24","15.20","772","27.2","5","APO*"
"(2016 GV)","2016-Mar-28 06:41 ±","14.72/0.03783","14.64/0.03761","15.79","15.78","373","24.8","4","APO*"
"(2016 GU2)","2016-Mar-28 09:12 ±","11.09/0.02849","11.06/0.02842","38.57","38.57","1.86e+03","24.0","6","APO*"
"(2016 FE15)","2016-Mar-28 14:18 ±","0.70/0.00180","0.70/0.00180","12.29","12.17","709","28.8","4","APO*"
"(2016 FF14)","2016-Mar-28 21:56 ±","2.36/0.00607","2.36/0.00607","9.86","9.82","1.43e+03","27.1","5","APO*"
"(2016 GC)","2016-Mar-29 00:58 ±","7.38/0.01897","7.35/0.01889","8.17","8.15","454","26.5","5","APO*"
"(2016 EK156)","2016-Mar-29 09:09 ±","14.04/0.03609","13.97/0.03590","9.47","9.46","364","24.7","8","APO*"
"(2016 GV1)","2016-Mar-29 09:46 ±","12.97/0.03333","12.95/0.03328","10.31","10.30","1.17e+03","24.3","9","APO*"
"(2016 BC14)","2016-Mar-29 13:45 ±","9.79/0.02517","9.79/0.02516","6.29","6.27","1.23e+04","20.9","41","ATE*"
"(2008 BX2)","2016-Mar-30 02:40 ±","19.13/0.04916","19.13/0.04916","8.53","8.52","1.4e+05","23.6","20","ATE*"
"(2016 FL14)","2016-Mar-30 17:35 ±","12.10/0.03110","12.08/0.03104","11.44","11.43","908","25.9","3","APO*"
"(2010 GD35)","2016-Mar-31 11:24 ±","17.42/0.04475","17.41/0.04475","11.25","11.24","3.4e+04","24.5","9","ATE*"
"(2016 GS134)","2016-Apr-01 05:56 ±","0.52/0.00133","0.52/0.00133","11.24","11.06","1.01e+03","27.7","8","APO*"
"(2016 FC13)","2016-Apr-01 11:59 ±","12.83/0.03297","12.83/0.03297","21.93","21.93","2.62e+05","22.0","11","APO*"
"(2016 GG1)","2016-Apr-02 20:42 ±","12.20/0.03135","12.16/0.03125","5.63","5.62","550","26.6","8","AMO*"
"(2016 GG134)","2016-Apr-02 23:48 ±","18.14/0.04662","18.07/0.04643","8.41","8.41","440","25.5","5","AMO*"
"(2016 FB13)","2016-Apr-03 01:34 ±","1.23/0.00317","1.23/0.00317","18.06","18.01","3.07e+03","26.6","6","APO*"
"(2016 GY2)","2016-Apr-03 11:56 ±","4.33/0.01112","4.31/0.01108","9.96","9.93","565","26.1","2","ATE*"
"(2016 HF)","2016-Apr-03 21:14 ±","17.59/0.04520","17.57/0.04516","5.99","5.98","3e+03","25.0","8","AMO*"
"(2016 FX7)","2016-Apr-03 21:51 ±","10.08/0.02589","10.05/0.02582","7.78","7.77","670","26.8","6","APO*"
"(2016 GN134)","2016-Apr-04 13:52 ±","0.15/0.00038","0.15/0.00038","13.90","13.39","1.9e+03","30.2","3","APO*"
"(2016 FW13)","2016-Apr-05 02:21 ±","0.82/0.00210","0.82/0.00210","10.46","10.34","1.15e+03","29.5","5","APO*"
"(2016 GH1)","2016-Apr-05 07:16 ±","2.15/0.00551","2.14/0.00551","5.40","5.31","4.03e+03","27.5","3","APO*"
"(2016 GE1)","2016-Apr-05 11:29 ±","1.38/0.00356","1.38/0.00355","10.05","9.98","2.95e+03","26.6","5","APO*"
"(2016 EV27)","2016-Apr-06 19:19 ±","14.99/0.03852","14.99/0.03851","12.88","12.88","7e+03","23.4","24","APO*"
"(2016 GO206)","2016-Apr-06 20:02 ±   00:02","0.86/0.00220","0.85/0.00220","22.54","22.48","1.32e+03","26.3","4","APO*"
"(2016 JO5)","2016-Apr-06 22:58 ±   00:06","15.78/0.04054","15.73/0.04043","9.53","9.52","1.11e+03","23.4","6","APO*"
"(2016 FT13)","2016-Apr-07 06:21 ±","9.81/0.02520","9.78/0.02514","13.44","13.43","880","26.5","4","APO*"
"(2016 GH3)","2016-Apr-08 01:41 ±","7.85/0.02017","7.84/0.02015","5.65","5.62","1.94e+03","27.2","10","AMO*"
"(2016 GF2)","2016-Apr-08 03:22 ±","4.61/0.01185","4.59/0.01179","13.03","13.02","392","26.7","5","APO*"
"(2016 GO134)","2016-Apr-08 19:34 ±","0.86/0.00222","0.86/0.00221","15.26","15.18","904","27.6","2","APO*"
"(2016 GC207)","2016-Apr-09 09:13 ±","12.67/0.03256","12.63/0.03246","8.29","8.28","554","26.7","3","AMO*"
"(2016 GK134)","2016-Apr-09 11:57 ±","5.23/0.01343","5.21/0.01338","11.32","11.30","541","27.3","3","APO*"
"(2016 FG39)","2016-Apr-10 08:22 ±","4.44/0.01141","4.42/0.01136","7.65","7.62","461","26.9","5","APO*"
"(2016 GW220)","2016-Apr-10 23:41 ±","5.66/0.01455","5.65/0.01452","13.24","13.22","1.3e+03","26.8","6","APO*"
"(2016 FV13)","2016-Apr-11 00:13 ±","1.81/0.00465","1.81/0.00465","10.96","10.91","2.42e+04","25.8","11","APO*"
"(2016 GU)","2016-Apr-11 09:46 ±","2.69/0.00691","2.69/0.00691","10.34","10.30","4.06e+03","25.7","11","APO*"
"363599 (2004 FG11)","2016-Apr-11 16:39 ±","19.29/0.04956","19.29/0.04956","24.51","24.51","3.12e+06","21.0","59","APO*"
"(2016 GX220)","2016-Apr-12 07:19 ±","3.15/0.00808","3.14/0.00808","4.42","4.34","2.88e+03","28.8","3","APO*"
"(2016 HB)","2016-Apr-12 11:17 ±","10.57/0.02717","10.56/0.02712","7.92","7.91","1.14e+03","24.4","11","APO*"
"(2016 JB18)","2016-Apr-13 03:23 ±   00:14","1.32/0.00338","1.31/0.00337","3.45","3.22","947","27.3","12","APO*"
"(2005 GR33)","2016-Apr-13 03:28 ±","7.72/0.01985","7.72/0.01985","15.87","15.87","2.1e+05","22.1","25","ATE*"
"(2016 GC134)","2016-Apr-13 05:55 ±","9.04/0.02323","9.01/0.02315","4.75","4.72","455","26.2","6","APO*"
"(2016 FL12)","2016-Apr-13 08:58 ±","9.56/0.02457","9.53/0.02450","5.83","5.81","596","26.3","12","APO*"
"(2016 GD222)","2016-Apr-13 17:50 ±","6.69/0.01720","6.68/0.01716","8.72","8.70","804","25.9","7","APO*"
"(2016 FS14)","2016-Apr-14 16:03 ±","13.72/0.03525","13.69/0.03517","8.27","8.26","792","25.2","7","AMO*"
"(2016 GC221)","2016-Apr-15 00:34 ±","13.38/0.03439","13.35/0.03432","13.67","13.67","948","24.8","5","APO*"
"(2016 HT6)","2016-Apr-15 14:26 ±   00:23","5.21/0.01340","5.10/0.01311","10.76","10.74","94.3","25.7","3","APO*"
"(2016 GE134)","2016-Apr-15 15:41 ±","16.69/0.04288","16.67/0.04283","4.52","4.50","1.57e+03","25.1","17","AMO*"
"(2016 FL13)","2016-Apr-15 16:57 ±","9.74/0.02504","9.73/0.02499","11.99","11.99","1.27e+03","25.4","14","APO*"
"(2016 GP206)","2016-Apr-16 04:59 ±","17.36/0.04460","17.27/0.04437","9.70","9.69","375","25.2","3","APO*"
"(2008 HU4)","2016-Apr-16 09:31 ±","4.94/0.01269","4.94/0.01269","1.44","1.28","2.75e+05","28.3","23","APO*"
"(2016 GM2)","2016-Apr-16 15:55 ±","12.63/0.03245","12.60/0.03238","9.23","9.22","794","25.1","12","APO*"
"(2016 FY12)","2016-Apr-17 19:16 ±","5.85/0.01503","5.84/0.01500","13.29","13.27","1.04e+03","26.1","7","APO*"
"(2016 GP221)","2016-Apr-18 06:21 ±","1.54/0.00396","1.54/0.00395","19.79","19.75","1.45e+03","25.9","5","APO*"
"(2016 FN13)","2016-Apr-19 00:40 ±   00:01","13.93/0.03579","13.90/0.03571","3.52","3.50","753","27.2","5","AMO*"
"(2016 GY221)","2016-Apr-19 15:42 ±","15.16/0.03896","15.13/0.03887","8.18","8.18","764","24.5","8","AMO*"
"(2016 JH)","2016-Apr-20 00:50 ±   00:03","15.75/0.04048","15.70/0.04035","3.57","3.56","471","27.1","3","AMO*"
"(2016 JR5)","2016-Apr-20 20:58 ±   00:02","15.77/0.04053","15.69/0.04032","9.53","9.52","359","25.0","3","APO*"
"(2016 GB222)","2016-Apr-21 02:25 ±","4.42/0.01136","4.41/0.01134","11.58","11.56","926","26.8","8","APO*"
"(2016 GC1)","2016-Apr-21 10:51 ±","8.83/0.02269","8.81/0.02263","8.36","8.35","625","26.5","9","APO*"
"(2016 HF2)","2016-Apr-21 14:27 ±","4.62/0.01188","4.62/0.01186","6.24","6.21","1.29e+03","26.1","12","ATE*"
"(2016 GZ220)","2016-Apr-21 19:33 ±","10.12/0.02600","10.09/0.02592","8.43","8.42","598","26.2","10","APO*"
"(2016 GV221)","2016-Apr-21 23:01 ±","8.56/0.02198","8.54/0.02193","8.91","8.89","804","24.9","12","APO*"
"(2016 HA)","2016-Apr-22 08:57 ±","6.49/0.01667","6.47/0.01663","12.35","12.34","768","26.2","7","APO*"
"(2016 GD207)","2016-Apr-22 10:28 ±","4.43/0.01139","4.42/0.01136","6.33","6.29","647","25.8","9","APO*"
"(2016 FH12)","2016-Apr-23 00:15 ±   00:04","7.87/0.02023","7.76/0.01995","8.71","8.70","408","26.7","4","APO*"
"(2016 JW5)","2016-Apr-23 02:22 ±","13.69/0.03518","13.69/0.03517","13.66","13.65","5.92e+03","21.9","20","APO*"
"(2016 GC222)","2016-Apr-24 00:21 ±","13.96/0.03587","13.78/0.03541","9.78","9.77","148","25.7","5","APO*"
"(2016 GW221)","2016-Apr-24 07:54 ±","15.55/0.03996","15.52/0.03989","4.99","4.98","901","24.8","22","ATE*"
"(2016 HO)","2016-Apr-24 12:29 ±","2.10/0.00540","2.10/0.00540","4.78","4.67","1.61e+04","25.7","8","APO*"
"(2016 JX5)","2016-Apr-24 13:15 ±   00:03","6.71/0.01725","6.69/0.01718","6.95","6.92","453","27.0","4","APO*"
"(2016 JA)","2016-Apr-24 22:35 ±","2.89/0.00741","2.88/0.00740","7.41","7.36","1.08e+03","27.6","13","APO*"
"467351 (2003 KO2)","2016-Apr-25 00:21 ±","17.89/0.04598","17.89/0.04598","16.27","16.27","6.63e+05","20.5","57","ATE*"
"(2016 HX23)","2016-Apr-25 08:23 ±   00:18","2.93/0.00753","2.87/0.00738","13.87","13.85","107","27.0","3","APO*"
"(2016 FY3)","2016-Apr-25 11:48 ±","6.35/0.01632","6.35/0.01632","20.69","20.68","6.72e+05","21.3","35","APO*"
"(2016 HF19)","2016-Apr-28 00:11 ±   00:02","15.77/0.04053","15.75/0.04048","2.69","2.66","1.14e+03","26.5","24","ATE*"
"(2016 HY23)","2016-Apr-28 00:52 ±   00:03","6.55/0.01682","6.52/0.01676","7.30","7.28","517","26.9","2","AMO*"
"(2016 JU5)","2016-Apr-28 12:36 ±   00:02","5.50/0.01414","5.32/0.01366","18.80","18.79","69.4","26.1","2","APO*"
"(2016 JN38)","2016-Apr-30 02:27 ±   02:05","1.28/0.00329","1.15/0.00295","19.79","19.75","27.6","29.1","2","APO*"
"(2016 JY5)","2016-Apr-30 04:29 ±","2.88/0.00740","2.87/0.00738","6.42","6.37","1.16e+03","27.1","6","APO*"
"(2008 PR9)","2016-Apr-30 19:29 ±","15.23/0.03913","15.23/0.03912","14.09","14.09","1.19e+05","22.5","10","ATE*"
"(2016 FP12)","2016-Apr-30 21:40 ±","19.24/0.04944","19.18/0.04928","5.02","5.01","657","25.6","5","APO*"
"(2016 HK)","2016-May-01 01:28 ±","4.65/0.01195","4.65/0.01195","7.59","7.56","1.68e+05","24.8","13","ATE*"
"(2014 US115)","2016-May-01 01:55 ±   02:12","9.42/0.02420","7.42/0.01907","9.61","9.60","5.5e+03","24.6","9","APO*"
"(2016 HO2)","2016-May-01 07:41 ±","16.77/0.04308","16.71/0.04293","6.02","6.01","483","26.0","6","AMO*"
"(2016 JA6)","2016-May-02 03:45 ±","2.52/0.00648","2.52/0.00648","11.23","11.19","2.98e+03","26.3","15","APO*"
"(2016 HP6)","2016-May-02 03:54 ±","8.90/0.02286","8.88/0.02282","5.96","5.94","906","25.5","6","APO*"
"(2016 HD3)","2016-May-02 06:09 ±","2.19/0.00564","2.19/0.00564","6.89","6.82","2.05e+05","28.0","15","ATE*"
"(2016 JZ5)","2016-May-02 07:47 ±","3.04/0.00781","3.04/0.00780","7.82","7.78","1.69e+03","27.0","4","APO*"
"(2002 CX58)","2016-May-03 01:15 ±","19.00/0.04883","19.00/0.04883","11.62","11.61","8.77e+06","22.3","25","APO*"
"444584 (2006 UK)","2016-May-03 15:45 ±","17.81/0.04577","17.81/0.04577","16.22","16.22","6.33e+05","20.2","48","APO*"
"(2016 JX24)","2016-May-04 00:09 ±","3.91/0.01005","3.90/0.01003","6.02","5.97","620","25.4","6","ATE*"
"(2016 JB)","2016-May-04 10:29 ±","4.09/0.01052","4.09/0.01051","5.78","5.74","3.57e+03","27.1","12","ATE*"
"(2016 HN)","2016-May-04 21:33 ±","12.35/0.03174","12.35/0.03174","11.67","11.66","1.65e+05","22.6","17","APO*"
"388945 (2008 TZ3)","2016-May-05 10:39 ±","13.13/0.03373","13.13/0.03373","9.65","9.64","1.11e+06","20.4","81","APO*"
"(2016 JS5)","2016-May-05 22:47 ±","0.53/0.00136","0.53/0.00135","16.08","15.96","6.03e+03","30.7","3","APO*"
"(2016 JX11)","2016-May-07 02:48 ±","8.73/0.02243","8.71/0.02239","17.90","17.90","1.27e+03","24.9","4","APO*"
"(2016 JU28)","2016-May-07 10:48 ±","6.23/0.01600","6.19/0.01592","8.13","8.11","366","27.7","3","ATE*"
"(2014 JG55)","2016-May-08 00:32 ±   15:55","7.61/0.01956","0.82/0.00210","10.55","10.54","3.35","29.2","3","APO*"
"(2016 JP17)","2016-May-08 06:45 ±","12.06/0.03100","12.05/0.03096","11.59","11.58","1.92e+03","23.1","19","APO*"
"(2016 HH19)","2016-May-08 09:01 ±","16.01/0.04113","15.94/0.04095","9.03","9.02","412","26.5","6","AMO*"
"(2016 JC6)","2016-May-08 16:25 ±","12.80/0.03290","12.80/0.03290","5.69","5.68","1.26e+06","21.3","34","ATE*"
"(2016 JX28)","2016-May-08 21:39 ±","14.32/0.03681","14.29/0.03672","10.49","10.48","880","24.6","10","APO*"
"(2016 JG29)","2016-May-09 00:54 ±","4.90/0.01258","4.88/0.01254","14.63","14.62","561","25.4","5","APO*"
"(2016 JQ5)","2016-May-09 09:49 ±","1.57/0.00404","1.57/0.00404","10.07","10.00","3.63e+03","28.1","6","APO*"
"(2016 JE18)","2016-May-11 15:48 ±","9.43/0.02424","9.42/0.02420","8.52","8.51","1.19e+03","26.3","4","APO*"
"(2016 LB2)","2016-May-14 02:36 ±   00:11","13.46/0.03458","13.25/0.03405","18.26","18.26","156","22.6","4","ATE*"
"(2016 JW28)","2016-May-14 12:21 ±","5.56/0.01428","5.53/0.01422","12.40","12.38","465","25.4","4","APO*"
"(2016 JD18)","2016-May-16 23:25 ±","1.63/0.00418","1.63/0.00418","14.86","14.82","5.94e+04","24.6","23","APO*"
"(2016 JH18)","2016-May-17 23:03 ±","13.53/0.03478","13.45/0.03455","6.53","6.52","267","26.1","6","ATE*"
"(2016 GS2)","2016-May-18 02:03 ±","3.40/0.00875","3.40/0.00874","8.01","7.98","6.98e+05","23.0","45","APO*"
"(2016 HF3)","2016-May-18 17:14 ±","8.49/0.02182","8.49/0.02181","7.56","7.55","5.87e+03","24.6","38","AMO*"
"(2016 KH)","2016-May-23 11:24 ±","12.83/0.03296","12.78/0.03284","13.12","13.11","567","24.3","9","APO*"
"(2009 DL46)","2016-May-24 17:59 ±","6.16/0.01583","6.16/0.01583","6.46","6.44","2.03e+07","22.0","67","APO*"
"(2016 HP3)","2016-May-25 10:46 ±","18.26/0.04693","18.26/0.04691","9.33","9.33","4.3e+03","23.7","28","APO*"
"(2016 KO)","2016-May-25 19:04 ±","2.19/0.00562","2.18/0.00561","7.32","7.25","895","26.5","7","ATE*"
"(2016 KJ)","2016-May-27 08:42 ±","7.11/0.01827","7.06/0.01815","20.71","20.71","350","24.8","4","APO*"
"(2016 LS1)","2016-May-27 10:46 ±","12.10/0.03109","12.06/0.03099","5.95","5.93","526","26.3","4","AMO*"
"(2016 LQ)","2016-May-28 01:50 ±   00:01","9.39/0.02413","9.33/0.02398","15.43","15.42","385","25.1","3","APO*"
"(2016 LN)","2016-May-28 22:34 ±","16.15/0.04149","16.10/0.04137","11.92","11.91","714","25.4","4","APO*"
"(2016 LO1)","2016-May-29 01:14 ±","13.79/0.03544","13.72/0.03525","9.26","9.25","334","25.3","5","ATE*"
"(2016 LC9)","2016-May-31 14:37 ±","4.55/0.01169","4.54/0.01168","4.07","4.01","1.37e+03","27.0","3","ATE*"
"(2016 JG17)","2016-May-31 16:03 ±","16.16/0.04153","16.15/0.04150","10.18","10.17","2.78e+03","25.5","8","APO*"
"(2016 LV)","2016-Jun-01 23:43 ±","3.61/0.00927","3.61/0.00927","10.36","10.33","3.09e+03","23.1","13","APO*"
"(2016 LB)","2016-Jun-03 09:07 ±","5.50/0.01413","5.50/0.01412","16.73","16.72","2.73e+03","22.8","8","APO*"
"(2016 LG10)","2016-Jun-03 10:09 ±","1.86/0.00479","1.86/0.00478","8.65","8.58","2.86e+03","25.6","11","APO*"
"(2016 JB29)","2016-Jun-04 23:15 ±","12.06/0.03100","12.06/0.03100","9.24","9.23","6.37e+04","24.7","41","APO*"
"(2016 LR51)","2016-Jun-05 04:30 ±","0.91/0.00235","0.90/0.00232","11.48","11.38","191","27.4","1","APO*"
"(2016 KR)","2016-Jun-05 23:01 ±","9.88/0.02538","9.84/0.02529","12.89","12.88","592","25.4","7","APO*"
"(2016 LO)","2016-Jun-06 05:51 ±","19.36/0.04974","19.34/0.04969","5.63","5.62","1.7e+03","25.1","10","AMO*"
"(2016 LG)","2016-Jun-06 12:05 ±","2.94/0.00756","2.94/0.00756","6.13","6.08","1.17e+06","25.3","28","APO*"
"(2016 LQ1)","2016-Jun-06 23:32 ±","15.72/0.04038","15.64/0.04018","6.03","6.02","326","25.5","4","AMO*"
"(2016 LT1)","2016-Jun-07 20:25 ±","0.38/0.00097","0.38/0.00097","7.48","7.10","1.04e+04","29.0","5","APO*"
"(2016 JV)","2016-Jun-08 11:27 ±","16.41/0.04216","16.40/0.04213","7.49","7.49","2.18e+03","24.9","9","AMO*"
"(2016 LO48)","2016-Jun-08 20:35 ±","8.34/0.02143","8.34/0.02143","6.16","6.14","6.75e+05","25.4","13","AMO*"
"(2016 LR)","2016-Jun-09 02:29 ±","5.89/0.01512","5.87/0.01508","12.31","12.30","677","26.4","6","APO*"
"(2016 LE10)","2016-Jun-09 08:43 ±","1.18/0.00304","1.18/0.00304","12.20","12.13","1.25e+03","27.1","3","APO*"
"(2016 LP10)","2016-Jun-09 18:32 ±","0.19/0.00048","0.19/0.00048","15.91","15.56","370","29.3","2","APO*"
"(2016 LY10)","2016-Jun-10 02:55 ±","1.81/0.00466","1.81/0.00466","6.94","6.85","5.4e+03","28.5","3","APO*"
"(2016 KL)","2016-Jun-11 00:12 ±","5.75/0.01477","5.74/0.01475","9.01","8.99","1.49e+03","25.8","12","APO*"
"(2016 MH3)","2016-Jun-11 09:51 ±   04:28","8.73/0.02243","8.10/0.02081","5.24","5.21","53.3","27.0","1","ATE*"
"(2016 LA49)","2016-Jun-12 01:51 ±","1.47/0.00377","1.47/0.00377","5.03","4.88","1.97e+03","27.5","6","APO*"
"(2016 LT10)","2016-Jun-12 14:58 ±","7.42/0.01907","7.41/0.01904","4.68","4.65","1.1e+03","26.9","5","APO*"
"(2015 XZ378)","2016-Jun-13 04:38 ±   00:12","9.73/0.02501","9.67/0.02484","1.64","1.57","608","27.2","6","APO*"
"(2016 LJ8)","2016-Jun-13 07:39 ±","6.39/0.01642","6.36/0.01635","9.07","9.05","461","25.2","7","APO*"
"(2016 LG49)","2016-Jun-15 20:24 ±","15.11/0.03884","15.07/0.03872","17.38","17.37","766","22.4","15","APO*"
"(2016 LK49)","2016-Jun-16 16:17 ±","3.22/0.00828","3.21/0.00826","19.98","19.97","1.19e+03","26.0","5","APO*"
"(2016 LY8)","2016-Jun-18 13:12 ±","13.33/0.03426","13.33/0.03426","10.03","10.02","2.27e+04","23.2","16","APO*"
"(2016 MA)","2016-Jun-19 04:34 ±","2.60/0.00668","2.60/0.00667","8.87","8.83","1.32e+03","27.5","2","APO*"
"(2016 LV51)","2016-Jun-19 23:50 ±","17.21/0.04423","17.10/0.04394","10.89","10.89","307","25.3","2","APO*"
"(2009 CV)","2016-Jun-20 01:31 ±","12.40/0.03186","12.40/0.03186","4.69","4.67","9.23e+05","24.3","29","APO*"
"(2004 TE10)","2016-Jun-20 13:15 ±","17.66/0.04537","17.66/0.04537","14.05","14.05","7.44e+04","24.0","12","APO*"
"441987 (2010 NY65)","2016-Jun-24 10:30 ±","10.71/0.02753","10.71/0.02753","12.95","12.95","7.37e+07","21.5","67","ATE*"
"(2016 NA)","2016-Jul-01 16:56 ±","1.26/0.00323","1.26/0.00323","7.49","7.38","3.73e+03","26.9","3","APO*"
"(2016 NC56)","2016-Jul-06 06:50 ±   00:01","3.29/0.00845","3.28/0.00842","14.64","14.62","660","27.3","1","APO*"
"(2016 NO56)","2016-Jul-06 20:59 ±","1.90/0.00489","1.90/0.00488","12.11","12.07","829","25.7","1","APO*"
"(2016 NL39)","2016-Jul-06 21:28 ±","3.61/0.00927","3.60/0.00926","4.28","4.22","2.57e+03","27.6","20","APO*"
"(2016 NM15)","2016-Jul-06 21:39 ±   00:01","6.30/0.01618","6.29/0.01616","3.20","3.15","1.46e+03","27.5","2","AMO*"
"(2016 NL22)","2016-Jul-07 00:14 ±","8.47/0.02178","8.44/0.02169","10.62","10.61","518","24.7","4","APO*"
"(2016 NJ22)","2016-Jul-07 10:14 ±","0.74/0.00191","0.74/0.00191","7.00","6.79","2.78e+03","28.4","2","ATE*"
"(2016 MO)","2016-Jul-07 13:22 ±","6.64/0.01706","6.63/0.01702","7.72","7.70","816","24.8","7","APO*"
"(2016 NB56)","2016-Jul-08 04:14 ±   00:02","7.33/0.01884","7.21/0.01853","17.58","17.57","757","24.3","1","APO*"
"(2016 NN15)","2016-Jul-08 06:02 ±","4.31/0.01108","4.31/0.01108","7.94","7.91","3.65e+04","26.8","6","AMO*"
"(2016 ND1)","2016-Jul-10 03:26 ±","10.43/0.02679","10.43/0.02679","5.08","5.06","9.14e+04","25.3","10","APO*"
"(2016 NK22)","2016-Jul-11 13:15 ±","0.69/0.00177","0.69/0.00177","7.12","6.90","2.64e+03","29.0","3","APO*"
"(2016 NJ33)","2016-Jul-11 23:20 ±","14.86/0.03819","14.86/0.03819","4.47","4.46","1.96e+04","25.2","11","AMO*"
"(2016 OF)","2016-Jul-12 08:33 ±","8.99/0.02309","8.99/0.02309","9.06","9.05","1.19e+04","23.1","9","APO*"
"(2016 NC1)","2016-Jul-13 00:34 ±","7.28/0.01870","7.27/0.01867","4.45","4.42","1.35e+03","25.3","3","ATE*"
"(2016 NG38)","2016-Jul-14 09:57 ±","11.48/0.02950","11.46/0.02944","7.06","7.05","788","25.1","4","AMO*"
"(2016 PQ26)","2016-Jul-15 21:55 ±   00:36","6.40/0.01644","6.33/0.01625","13.48","13.47","229","24.0","1","APO*"
"(2016 NK33)","2016-Jul-16 01:16 ±   00:02","11.32/0.02910","10.92/0.02807","9.60","9.59","53.5","25.9","1","APO*"
"(2016 ND39)","2016-Jul-16 16:46 ±","4.86/0.01248","4.86/0.01248","13.58","13.57","1.97e+05","25.2","5","APO*"
"(2016 NE56)","2016-Jul-16 22:28 ±","13.58/0.03490","13.37/0.03437","12.16","12.15","134","24.9","1","APO*"
"(2016 QX10)","2016-Jul-17 06:03 ±   00:03","17.90/0.04599","17.88/0.04595","5.42","5.41","3.19e+03","23.7","5","APO*"
"(2016 OA)","2016-Jul-18 08:15 ±","4.51/0.01159","4.50/0.01155","17.63","17.61","696","25.4","2","APO*"
"(2016 MK)","2016-Jul-18 12:53 ±","17.12/0.04399","17.10/0.04395","8.78","8.77","1.91e+03","23.1","13","AMO*"
"(2016 NS)","2016-Jul-20 17:41 ±","8.69/0.02234","8.68/0.02231","5.02","4.99","1.14e+03","25.4","10","AMO*"
"(2014 BT8)","2016-Jul-21 16:37 ±   01:41","18.58/0.04775","18.40/0.04727","6.93","6.92","1.53e+04","25.0","7","ATE*"
"(2016 PE8)","2016-Jul-22 06:41 ±   00:10","8.94/0.02298","8.63/0.02217","9.68","9.67","106","26.6","1","APO*"
"(2016 NJ39)","2016-Jul-22 14:26 ±","11.53/0.02963","11.41/0.02933","10.36","10.35","190","25.1","4","APO*"
"(2016 PP38)","2016-Jul-22 22:54 ±   00:25","10.24/0.02630","9.99/0.02567","5.70","5.68","109","26.7","2","AMO*"
"(2016 PM38)","2016-Jul-24 23:20 ±   00:05","18.63/0.04786","18.43/0.04736","9.35","9.35","218","26.0","2","AMO*"
"(2016 NW15)","2016-Jul-26 00:22 ±","13.77/0.03537","13.66/0.03510","7.04","7.03","229","25.1","4","AMO*"
"(2016 NE39)","2016-Jul-26 12:25 ±   00:04","6.65/0.01709","6.56/0.01686","18.29","18.28","180","23.5","2","APO*"
"(2016 PN39)","2016-Jul-29 11:37 ±","6.17/0.01586","6.17/0.01585","10.02","10.01","5.58e+03","25.6","3","APO*"
"(2016 NX22)","2016-Aug-02 11:32 ±","12.98/0.03335","12.96/0.03331","9.52","9.51","1.8e+03","23.9","12","AMO*"
"(2005 OH3)","2016-Aug-03 07:13 ± 2_08:01","5.84/0.01502","5.26/0.01352","3.53","3.48","2.42e+05","26.0","9","AMO*"
"(2016 PP27)","2016-Aug-04 01:41 ±","9.92/0.02549","9.90/0.02544","10.89","10.88","926","23.6","6","APO*"
"(2016 PQ)","2016-Aug-07 06:21 ±","9.81/0.02520","9.79/0.02516","12.74","12.73","1.49e+03","25.9","7","APO*"
"(2016 OV)","2016-Aug-07 10:42 ±","9.04/0.02323","9.01/0.02316","12.47","12.46","776","24.6","8","APO*"
"(2016 QY1)","2016-Aug-10 03:14 ±   00:02","7.25/0.01863","7.23/0.01858","12.32","12.31","988","23.3","9","APO*"
"(2016 PX8)","2016-Aug-11 08:34 ±","7.60/0.01953","7.52/0.01933","9.84","9.83","190","27.0","2","APO*"
"(2016 PW8)","2016-Aug-12 03:37 ±","6.13/0.01575","6.12/0.01572","14.14","14.13","1.11e+03","26.1","4","APO*"
"(2016 RZ)","2016-Aug-25 09:26 ±","10.73/0.02757","10.71/0.02752","4.33","4.31","1.4e+03","26.7","4","ATE*"
"(2016 PS26)","2016-Aug-25 11:23 ±","13.78/0.03541","13.67/0.03512","11.62","11.62","248","25.4","4","APO*"
"(2016 RC18)","2016-Aug-27 14:30 ±","17.46/0.04488","17.41/0.04473","7.17","7.16","739","26.1","5","AMO*"
"(2016 QA2)","2016-Aug-28 01:26 ±","0.23/0.00058","0.23/0.00058","10.27","9.81","7.96e+04","25.1","4","ATE*"
"(2016 PA40)","2016-Aug-29 19:12 ±","14.48/0.03721","14.45/0.03713","9.20","9.19","955","24.4","11","APO*"
"(2016 QD84)","2016-Aug-30 16:29 ±","15.48/0.03978","15.44/0.03968","9.19","9.19","729","25.1","3","AMO*"
"(2016 RX)","2016-Aug-30 17:27 ±","12.40/0.03187","12.37/0.03179","22.27","22.27","1.01e+03","25.9","8","APO*"
"(2016 RD18)","2016-Aug-31 11:15 ±","12.32/0.03165","12.26/0.03150","8.20","8.19","399","26.5","3","AMO*"
"(2016 RV19)","2016-Aug-31 12:54 ±","15.55/0.03995","15.53/0.03990","6.60","6.59","1.55e+03","25.3","4","AMO*"
"(2016 RJ40)","2016-Aug-31 19:38 ±   00:01","14.38/0.03694","14.28/0.03669","7.21","7.20","465","25.2","2","AMO*"
"(2016 QB11)","2016-Aug-31 20:57 ±","3.45/0.00886","3.44/0.00884","22.64","22.62","1.18e+03","25.8","4","APO*"
"(2016 RK17)","2016-Aug-31 23:00 ±","19.18/0.04927","19.10/0.04907","8.64","8.63","441","25.3","6","AMO*"
"(2016 RM17)","2016-Sep-01 12:37 ±","6.26/0.01610","6.24/0.01603","6.35","6.32","429","27.6","3","APO*"
"(2016 RP17)","2016-Sep-01 15:35 ±","8.40/0.02158","8.38/0.02153","19.34","19.34","1.27e+03","24.5","13","APO*"
"(2016 RA34)","2016-Sep-01 16:14 ±","11.02/0.02831","11.00/0.02827","8.87","8.86","1.67e+03","24.5","5","ATE*"
"(2016 RR1)","2016-Sep-02 16:15 ±","0.34/0.00086","0.34/0.00086","7.22","6.78","1.45e+03","28.0","10","APO*"
"(2016 RB34)","2016-Sep-03 00:17 ±   00:01","14.73/0.03786","14.67/0.03769","5.15","5.14","359","25.0","7","APO*"
"(2016 RS1)","2016-Sep-03 00:30 ±","0.50/0.00127","0.49/0.00127","7.11","6.81","388","29.2","1","APO*"
"(2016 RU1)","2016-Sep-03 15:45 ±","4.09/0.01051","4.08/0.01049","10.21","10.19","1.07e+03","27.6","5","APO*"
"(2016 RW1)","2016-Sep-03 20:19 ±","7.70/0.01978","7.68/0.01972","7.50","7.49","586","27.0","3","AMO*"
"(2016 RL40)","2016-Sep-04 00:55 ±   00:02","11.76/0.03021","11.54/0.02965","12.20","12.19","113","25.6","1","APO*"
"(2016 RR19)","2016-Sep-04 09:58 ±","1.86/0.00477","1.85/0.00474","10.65","10.60","368","28.6","1","APO*"
"(2016 RV33)","2016-Sep-05 00:16 ±","8.60/0.02210","8.55/0.02196","8.53","8.52","295","26.6","2","APO*"
"(2016 PD2)","2016-Sep-05 14:27 ±","18.74/0.04816","18.72/0.04810","6.70","6.69","1.35e+03","24.6","7","APO*"
"477162 (2009 ES)","2016-Sep-05 19:25 ±","18.83/0.04838","18.83/0.04838","18.06","18.06","8.66e+05","20.6","38","APO*"
"(2016 RP40)","2016-Sep-05 23:26 ±","16.09/0.04134","15.97/0.04103","9.59","9.58","261","24.8","4","APO*"
"(2016 PR39)","2016-Sep-06 08:38 ±   00:06","18.45/0.04741","17.84/0.04584","11.01","11.01","225","24.0","2","APO*"
"(2016 RZ17)","2016-Sep-07 00:36 ±","8.77/0.02254","8.75/0.02247","14.81","14.81","750","25.5","3","APO*"
"(2016 SB)","2016-Sep-07 03:35 ±   00:04","15.80/0.04061","15.72/0.04040","14.46","14.46","1.26e+03","23.1","2","APO*"
"(2016 SF)","2016-Sep-07 05:25 ±   00:02","13.17/0.03385","13.10/0.03366","15.17","15.17","624","24.3","4","APO*"
"(2016 RD34)","2016-Sep-07 14:32 ±","2.57/0.00659","2.57/0.00659","1.44","1.12","5.73e+04","27.6","21","APO*"
"(2016 RB1)","2016-Sep-07 17:20 ±","0.11/0.00027","0.11/0.00027","8.13","6.81","2.87e+04","28.3","19","ATE*"
"(2016 RK40)","2016-Sep-07 23:01 ±   00:01","1.35/0.00346","1.34/0.00344","14.68","14.63","305","27.7","1","APO*"
"(2016 RO17)","2016-Sep-08 03:37 ±","2.29/0.00590","2.29/0.00589","16.01","15.98","1.79e+03","26.3","1","APO*"
"(2016 RQ17)","2016-Sep-08 08:55 ±","16.10/0.04136","16.03/0.04118","22.15","22.15","580","23.9","3","APO*"
"(2016 RM40)","2016-Sep-08 11:22 ±","6.14/0.01577","6.10/0.01569","23.17","23.16","451","24.7","2","APO*"
"(2016 RN20)","2016-Sep-08 16:57 ±   00:02","2.52/0.00647","2.51/0.00645","3.23","3.10","605","28.2","1","APO*"
"(2016 RO40)","2016-Sep-08 23:34 ±","15.57/0.04002","15.50/0.03982","14.83","14.82","449","24.5","2","APO*"
"(2016 RL17)","2016-Sep-09 04:16 ±","8.69/0.02233","8.67/0.02229","7.72","7.70","971","26.5","3","ATE*"
"(2016 RV1)","2016-Sep-09 07:46 ±","18.89/0.04855","18.84/0.04842","11.36","11.35","739","25.0","6","AMO*"
"(2016 RY17)","2016-Sep-09 18:01 ±","3.62/0.00930","3.62/0.00929","11.14","11.12","1.55e+03","25.3","1","APO*"
"(2016 QS44)","2016-Sep-10 05:03 ±","7.95/0.02044","7.89/0.02027","17.37","17.36","284","24.4","5","APO*"
"(2015 KE)","2016-Sep-10 08:25 ±","14.92/0.03833","14.92/0.03833","2.16","2.13","3.83e+04","26.2","18","ATE*"
"(2016 SF1)","2016-Sep-10 14:32 ±   00:03","1.33/0.00341","1.32/0.00340","8.59","8.50","631","24.7","9","APO*"
"(2016 RH17)","2016-Sep-11 00:49 ±","6.06/0.01557","6.02/0.01548","14.09","14.08","364","23.5","2","APO*"
"(2016 RE34)","2016-Sep-11 02:41 ±","1.19/0.00305","1.19/0.00305","4.85","4.67","1.74e+03","28.3","3","APO*"
"(2016 SC17)","2016-Sep-11 04:58 ±   00:05","4.57/0.01174","4.47/0.01148","8.52","8.50","82.5","25.4","4","APO*"
"(2016 RO20)","2016-Sep-11 12:48 ±","2.45/0.00630","2.45/0.00629","15.65","15.62","1.42e+03","27.2","1","APO*"
"(2016 RN41)","2016-Sep-11 14:56 ±","0.06/0.00016","0.06/0.00015","11.73","10.20","26.6","31.0","3","APO*"
"(2016 RP20)","2016-Sep-12 01:46 ±","11.98/0.03078","11.91/0.03060","9.87","9.86","324","25.6","2","APO*"
"(2016 RF34)","2016-Sep-12 15:31 ±","5.67/0.01457","5.66/0.01455","8.18","8.16","1.95e+03","24.4","5","APO*"
"(2016 SN3)","2016-Sep-12 17:08 ±   00:03","14.42/0.03705","14.31/0.03678","23.32","23.32","1.28e+03","23.3","3","APO*"
"(2016 LX48)","2016-Sep-12 20:55 ±","17.73/0.04555","17.73/0.04555","10.77","10.77","2.88e+07","19.3","98","APO*"
"(2016 RU33)","2016-Sep-16 01:14 ±","6.00/0.01542","5.99/0.01538","6.78","6.76","688","27.5","2","APO*"
"(2016 RT20)","2016-Sep-16 02:05 ±","15.68/0.04029","15.52/0.03988","17.64","17.64","227","24.4","1","ATE*"
"(2016 SS2)","2016-Sep-16 04:20 ±","12.50/0.03213","12.45/0.03200","8.18","8.17","562","25.2","4","AMO*"
"(2016 QL44)","2016-Sep-17 14:28 ±","3.61/0.00928","3.60/0.00925","13.75","13.73","636","25.1","8","APO*"
"(2016 QS11)","2016-Sep-18 05:19 ±","12.18/0.03129","12.18/0.03129","3.76","3.74","7.74e+03","25.8","24","AMO*"
"(2016 SK2)","2016-Sep-18 14:31 ±","5.47/0.01407","5.47/0.01406","13.98","13.97","3.22e+03","25.3","9","APO*"
"(2016 SP3)","2016-Sep-19 11:32 ±   00:01","2.55/0.00655","2.54/0.00652","8.96","8.92","484","27.9","2","APO*"
"(2016 RM20)","2016-Sep-20 10:29 ±","6.22/0.01598","6.18/0.01589","5.78","5.75","300","26.2","3","APO*"
"(2016 SJ)","2016-Sep-21 18:28 ±","0.39/0.00100","0.39/0.00100","13.70","13.51","1.27e+03","29.0","2","APO*"
"(2016 SY1)","2016-Sep-21 19:19 ±   00:05","3.31/0.00851","3.27/0.00841","15.42","15.40","242","26.4","1","APO*"
"(2015 DS53)","2016-Sep-22 01:22 ±","19.08/0.04904","19.08/0.04904","12.95","12.95","1.42e+05","24.2","12","APO*"
"(2016 SJ2)","2016-Sep-22 04:57 ±","4.83/0.01242","4.81/0.01236","10.98","10.96","458","26.5","1","APO*"
"(2016 TS)","2016-Sep-22 06:31 ±","5.61/0.01442","5.59/0.01437","7.56","7.54","560","25.4","3","APO*"
"(2016 TX18)","2016-Sep-22 06:51 ±   00:08","13.39/0.03441","13.01/0.03344","9.37","9.36","156","25.2","1","APO*"
"(2016 SU3)","2016-Sep-22 07:10 ±","15.21/0.03907","15.16/0.03896","8.17","8.16","606","25.3","3","APO*"
"(2016 SH2)","2016-Sep-22 18:55 ±","4.14/0.01064","4.13/0.01061","8.64","8.62","677","27.2","3","APO*"
"(2016 SJ35)","2016-Sep-24 07:30 ±","1.69/0.00434","1.69/0.00434","12.18","12.13","1.36e+04","24.6","12","APO*"
"(2016 SU2)","2016-Sep-24 19:07 ±","0.91/0.00235","0.91/0.00234","12.86","12.77","1.56e+03","27.6","7","ATE*"
"(2016 SA2)","2016-Sep-25 07:12 ±","0.80/0.00205","0.80/0.00205","5.47","5.23","5.06e+03","28.2","11","APO*"
"(2016 TR2)","2016-Sep-25 07:17 ±   00:39","6.74/0.01732","6.55/0.01683","8.70","8.69","76.9","26.3","1","APO*"
"(2016 SC)","2016-Sep-25 10:57 ±","3.08/0.00792","3.08/0.00792","5.35","5.28","2.84e+03","27.6","4","APO*"
"(2016 RL20)","2016-Sep-25 18:23 ±","18.17/0.04670","18.13/0.04659","15.32","15.32","954","23.5","8","APO*"
"(2016 SW3)","2016-Sep-26 04:51 ±","1.00/0.00257","1.00/0.00257","10.33","10.23","2.5e+03","28.3","1","APO*"
"(2016 RH40)","2016-Sep-26 06:43 ±","18.78/0.04826","18.68/0.04801","9.35","9.35","370","24.3","8","APO*"
"(2016 TL10)","2016-Sep-26 08:55 ±   00:01","9.51/0.02443","9.45/0.02429","5.42","5.40","290","27.3","1","ATE*"
"(2016 SX1)","2016-Sep-26 15:47 ±","2.18/0.00560","2.18/0.00560","2.82","2.64","8.21e+03","28.6","10","ATE*"
"(2016 TJ)","2016-Sep-26 16:03 ±","17.84/0.04584","17.69/0.04546","14.48","14.47","399","24.8","3","APO*"
"(2016 TN18)","2016-Sep-26 17:57 ±","17.90/0.04599","17.87/0.04592","9.20","9.19","2.82e+03","24.3","9","APO*"
"(2016 TP11)","2016-Sep-27 03:22 ±","9.98/0.02563","9.97/0.02562","5.11","5.09","2.61e+03","24.3","16","APO*"
"(2016 TW10)","2016-Sep-27 03:43 ±","6.38/0.01638","6.36/0.01635","12.47","12.46","1.17e+03","23.4","5","APO*"
"(2016 SG)","2016-Sep-27 04:34 ±","2.34/0.00602","2.34/0.00601","15.79","15.76","1e+03","26.6","5","APO*"
"(2016 TT)","2016-Sep-27 10:22 ±","4.35/0.01118","4.35/0.01117","11.91","11.89","6.02e+03","26.0","11","APO*"
"(2016 SW1)","2016-Sep-28 02:00 ±","1.34/0.00344","1.34/0.00344","5.48","5.34","3.88e+03","28.5","4","APO*"
"(2016 TV19)","2016-Sep-28 12:08 ±   00:27","7.23/0.01858","7.18/0.01845","10.77","10.76","285","25.9","1","APO*"
"(2016 SL2)","2016-Sep-29 10:00 ±","2.38/0.00612","2.37/0.00610","24.12","24.10","1.03e+03","25.4","2","APO*"
"(2016 TM)","2016-Sep-29 13:21 ±","3.42/0.00879","3.42/0.00879","4.60","4.53","2.35e+03","27.5","14","APO*"
"(2016 SZ1)","2016-Sep-29 16:47 ±","6.12/0.01573","6.11/0.01570","10.89","10.87","1.1e+03","26.3","3","APO*"
"(2009 UG)","2016-Sep-29 21:40 ±","6.36/0.01634","6.36/0.01634","8.98","8.97","2.5e+05","23.4","20","ATE*"
"(2015 SO2)","2016-Sep-30 00:22 ±","17.38/0.04465","17.38/0.04465","6.08","6.07","3.39e+04","23.9","17","ATE*"
"(2016 TD)","2016-Sep-30 17:15 ±","0.59/0.00151","0.59/0.00151","13.82","13.69","2.45e+03","28.1","2","APO*"
"(2016 TB11)","2016-Oct-01 02:41 ±","10.40/0.02673","10.34/0.02656","11.86","11.85","327","25.2","1","APO*"
"(2016 TU93)","2016-Oct-01 16:48 ±","9.57/0.02458","9.51/0.02443","10.44","10.43","324","26.3","1","APO*"
"(2016 TA)","2016-Oct-02 06:28 ±","2.30/0.00591","2.30/0.00591","31.99","31.98","1.78e+03","26.3","2","APO*"
"(2016 TQ54)","2016-Oct-02 11:33 ±","2.50/0.00644","2.48/0.00636","8.80","8.75","168","27.2","1","ATE*"
"(2016 TQ18)","2016-Oct-02 12:32 ±","12.50/0.03212","12.49/0.03208","9.72","9.71","2.36e+03","26.4","6","APO*"
"(2016 TQ2)","2016-Oct-02 16:45 ±","3.33/0.00854","3.32/0.00853","15.33","15.31","1.88e+03","26.4","7","APO*"
"(2016 SH35)","2016-Oct-02 18:24 ±","17.44/0.04482","17.41/0.04473","5.57","5.56","826","24.9","9","APO*"
"(2016 TF)","2016-Oct-02 23:10 ±","11.48/0.02951","11.46/0.02946","11.57","11.57","1.1e+03","25.7","4","APO*"
"(2016 TK10)","2016-Oct-03 06:31 ±","3.02/0.00777","3.02/0.00776","9.06","9.02","1.3e+03","26.3","6","APO*"
"(2016 TH)","2016-Oct-03 16:30 ±","0.33/0.00086","0.33/0.00086","7.80","7.39","4.37e+03","29.4","2","APO*"
"(2016 TU)","2016-Oct-03 21:08 ±","4.69/0.01204","4.68/0.01202","17.97","17.96","1.16e+03","27.2","3","APO*"
"(2016 TS2)","2016-Oct-04 02:06 ±","6.94/0.01784","6.93/0.01780","6.92","6.90","747","26.5","2","APO*"
"(2016 TT55)","2016-Oct-04 07:51 ±","12.03/0.03092","11.95/0.03070","9.30","9.29","256","25.9","5","APO*"
"(2016 TJ17)","2016-Oct-04 18:15 ±","1.22/0.00314","1.22/0.00313","16.10","16.04","1.38e+03","25.4","7","APO*"
"(2016 TQ56)","2016-Oct-05 18:13 ±","12.91/0.03317","12.87/0.03308","10.11","10.11","668","24.0","8","APO*"
"462959 (2011 DU)","2016-Oct-06 20:30 ±","15.16/0.03896","15.16/0.03896","8.72","8.71","1.21e+07","21.0","80","APO*"
"(2016 TP2)","2016-Oct-06 20:51 ±","2.21/0.00568","2.21/0.00567","14.69","14.66","1.61e+03","26.6","4","APO*"
"(2016 TM10)","2016-Oct-06 21:56 ±","6.78/0.01742","6.74/0.01733","20.29","20.28","461","26.3","2","APO*"
"(2016 TT92)","2016-Oct-07 04:25 ±","7.37/0.01893","7.36/0.01892","8.21","8.19","3.41e+03","26.3","9","APO*"
"(2016 SR2)","2016-Oct-07 08:00 ±","3.77/0.00970","3.77/0.00969","5.71","5.67","2.9e+03","26.2","11","APO*"
"(2016 TO18)","2016-Oct-07 10:25 ±","9.75/0.02506","9.72/0.02498","12.35","12.34","629","25.7","4","APO*"
"(2016 TG)","2016-Oct-07 13:50 ±","8.08/0.02076","8.05/0.02069","14.68","14.67","669","25.4","5","APO*"
"(2016 TX10)","2016-Oct-07 22:23 ±","5.21/0.01339","5.19/0.01334","15.04","15.03","590","25.7","2","APO*"
"(2016 TG94)","2016-Oct-08 01:33 ±","0.56/0.00145","0.56/0.00144","8.99","8.78","548","29.7","1","APO*"
"(2016 TC)","2016-Oct-08 15:07 ±","7.22/0.01854","7.18/0.01844","10.20","10.18","353","25.9","3","APO*"
"(2016 TA11)","2016-Oct-08 21:43 ±","4.99/0.01282","4.98/0.01279","7.77","7.74","819","27.1","2","APO*"
"(2016 TS54)","2016-Oct-10 04:22 ±","0.20/0.00050","0.19/0.00050","16.94","16.62","1.03e+03","27.8","2","APO*"
"(2016 UH101)","2016-Oct-10 18:57 ±","17.71/0.04551","17.71/0.04550","9.48","9.48","7.14e+03","22.7","12","APO*"
"(2016 TJ10)","2016-Oct-11 01:08 ±","4.24/0.01090","4.21/0.01081","13.82","13.80","239","25.2","3","APO*"
"(2016 TK18)","2016-Oct-11 13:35 ±","5.52/0.01418","5.50/0.01414","11.15","11.13","672","27.4","2","APO*"
"(2016 TD11)","2016-Oct-11 16:18 ±","5.67/0.01458","5.67/0.01456","7.28","7.25","1.35e+03","26.3","6","APO*"
"(2016 TB19)","2016-Oct-11 19:13 ±","0.82/0.00212","0.82/0.00211","13.12","13.03","949","29.1","2","APO*"
"(2016 TC57)","2016-Oct-11 22:42 ±","1.23/0.00317","1.23/0.00316","8.81","8.71","2.15e+03","27.1","6","APO*"
"(2016 TO11)","2016-Oct-12 19:01 ±","2.33/0.00599","2.32/0.00596","9.79","9.74","510","27.3","5","APO*"
"(2007 TR68)","2016-Oct-13 00:26 ±   17:05","19.42/0.04989","14.87/0.03820","7.55","7.54","6.32e+03","25.9","6","ATE*"
"(2016 TP18)","2016-Oct-13 02:34 ±","14.62/0.03757","14.50/0.03726","21.03","21.03","297","24.8","3","APO*"
"(2016 TX17)","2016-Oct-13 23:44 ±","16.07/0.04128","15.89/0.04084","17.39","17.39","218","23.5","3","APO*"
"(2016 UD26)","2016-Oct-14 11:30 ±","5.88/0.01512","5.87/0.01508","10.67","10.66","1.18e+03","24.3","4","APO*"
"(2016 TM56)","2016-Oct-14 18:22 ±","3.78/0.00972","3.78/0.00972","3.58","3.50","7.55e+03","26.8","19","APO*"
"(2016 UP5)","2016-Oct-15 13:30 ±","8.94/0.02298","8.92/0.02293","9.05","9.03","779","24.4","8","APO*"
"(2016 TZ55)","2016-Oct-15 21:03 ±","2.14/0.00549","2.13/0.00546","18.38","18.35","495","27.0","3","APO*"
"(1993 TZ)","2016-Oct-16 02:20 ±","14.36/0.03691","14.36/0.03691","12.71","12.71","2.4e+05","26.0","13","APO*"
"(2016 UA41)","2016-Oct-16 04:35 ±","16.15/0.04151","16.14/0.04147","7.29","7.28","3.04e+03","24.4","11","APO*"
"(2016 TH10)","2016-Oct-16 22:24 ±","7.32/0.01881","7.30/0.01877","12.38","12.37","857","24.9","11","ATE*"
"(2016 UD)","2016-Oct-17 23:32 ±   00:03","0.19/0.00048","0.19/0.00048","22.36","22.12","797","26.6","1","APO*"
"(2014 UR)","2016-Oct-18 03:49 ±","11.96/0.03074","11.96/0.03074","4.31","4.29","3e+06","26.6","24","ATE*"
"(2016 TY55)","2016-Oct-18 19:07 ±","2.57/0.00661","2.57/0.00661","4.87","4.79","2.8e+03","26.9","8","APO*"
"(2016 TE55)","2016-Oct-18 22:31 ±","13.16/0.03381","13.00/0.03340","12.99","12.99","174","25.9","1","APO*"
"(2016 US31)","2016-Oct-19 13:33 ±","18.51/0.04756","18.44/0.04739","8.09","8.08","492","25.2","4","APO*"
"(2016 US4)","2016-Oct-20 01:52 ±","7.16/0.01841","7.16/0.01839","10.64","10.63","1.83e+03","24.4","2","ATE*"
"(2016 UZ5)","2016-Oct-20 08:54 ±","16.85/0.04331","16.76/0.04307","9.95","9.95","348","25.6","3","AMO*"
"(2016 UC42)","2016-Oct-22 00:06 ±","6.59/0.01692","6.54/0.01681","14.54","14.53","320","24.9","4","APO*"
"(2016 UY5)","2016-Oct-22 01:55 ±   00:02","11.86/0.03046","11.78/0.03026","4.60","4.58","238","27.1","3","AMO*"
"(2016 UQ41)","2016-Oct-23 21:34 ±","18.10/0.04651","18.02/0.04629","9.88","9.88","405","25.3","4","ATE*"
"(2016 UR5)","2016-Oct-24 06:11 ±","3.09/0.00793","3.08/0.00791","14.92","14.90","990","26.7","1","ATE*"
"(2016 UQ36)","2016-Oct-24 22:20 ±","1.03/0.00265","1.03/0.00265","11.58","11.50","1.24e+03","27.7","4","APO*"
"(2016 TH94)","2016-Oct-26 00:32 ± 1_05:33","12.77/0.03282","9.67/0.02484","15.15","15.14","19.1","24.8","1","ATE*"
"(2016 UD42)","2016-Oct-26 15:00 ±","17.95/0.04612","17.89/0.04597","6.62","6.61","506","25.7","4","AMO*"
"(2016 UA6)","2016-Oct-26 22:47 ±","16.50/0.04241","16.45/0.04228","7.72","7.72","572","25.8","4","ATE*"
"413260 (2003 TL4)","2016-Oct-27 16:47 ±","10.06/0.02586","10.06/0.02586","10.35","10.34","1.62e+07","19.4","66","ATE*"
"(2016 UB26)","2016-Oct-27 21:59 ±","11.61/0.02983","11.54/0.02966","17.10","17.09","405","25.0","3","APO*"
"(2016 UE57)","2016-Oct-28 02:18 ±","3.11/0.00799","3.11/0.00798","8.22","8.18","1.14e+03","26.4","7","APO*"
"(2016 VH)","2016-Oct-28 16:02 ±","6.49/0.01669","6.49/0.01668","5.31","5.28","2.71e+03","26.7","17","APO*"
"(2016 TZ19)","2016-Oct-29 06:01 ±","18.96/0.04873","18.95/0.04869","16.47","16.46","2.4e+03","23.1","12","ATE*"
"(2016 UR41)","2016-Oct-29 11:28 ±","2.56/0.00659","2.56/0.00657","10.20","10.16","581","28.0","1","APO*"
"(2016 UB41)","2016-Oct-29 19:51 ±","4.12/0.01059","4.11/0.01056","11.74","11.72","694","27.1","1","APO*"
"(2016 UQ5)","2016-Oct-30 13:04 ±","13.88/0.03566","13.84/0.03557","8.14","8.13","746","25.0","5","APO*"
"(2016 VH6)","2016-Oct-30 21:55 ±   00:03","8.80/0.02261","8.61/0.02213","10.39","10.38","152","26.2","1","APO*"
"(2016 UR36)","2016-Oct-31 03:14 ±","1.30/0.00334","1.30/0.00333","18.10","18.06","794","27.5","3","APO*"
"(2016 TB57)","2016-Oct-31 04:19 ±","5.24/0.01347","5.24/0.01347","2.68","2.61","1.43e+05","26.0","25","APO*"
"(2016 UP36)","2016-Oct-31 05:37 ±","5.02/0.01291","5.01/0.01287","15.86","15.84","757","25.9","3","APO*"
"164121 (2003 YT1)","2016-Oct-31 09:25 ±","13.53/0.03477","13.53/0.03477","24.06","24.06","2.32e+07","16.2","109","APO*"
"(2016 UG57)","2016-Oct-31 12:48 ±","5.66/0.01454","5.65/0.01453","6.63","6.60","2.25e+03","27.7","3","APO*"
"(2016 VP1)","2016-Nov-01 04:41 ±   00:05","1.23/0.00315","1.22/0.00313","16.93","16.88","288","27.2","1","APO*"
"(2016 VZ17)","2016-Nov-01 10:26 ±   21:20","3.32/0.00853","0.11/0.00029","9.96","9.93","80.3","27.5","3","APO*"
"(2016 UH57)","2016-Nov-01 14:17 ±","6.86/0.01763","6.85/0.01760","8.02","8.00","879","26.0","5","APO*"
"(2016 VA)","2016-Nov-02 00:42 ±","0.25/0.00063","0.24/0.00063","21.24","21.04","2.44e+03","27.3","2","ATE*"
"(2016 VO4)","2016-Nov-02 08:51 ±","17.03/0.04376","16.83/0.04325","17.94","17.93","599","24.8","2","APO*"
"(2016 VM3)","2016-Nov-02 11:12 ±","11.09/0.02850","11.06/0.02841","8.22","8.21","556","24.8","4","APO*"
"(2016 UX5)","2016-Nov-02 23:36 ±","7.08/0.01819","7.07/0.01816","6.08","6.05","940","26.5","6","APO*"
"(2016 VO2)","2016-Nov-03 00:56 ±","6.63/0.01702","6.57/0.01688","14.86","14.85","267","26.7","1","APO*"
"(2016 VW2)","2016-Nov-03 11:43 ±","10.68/0.02743","10.63/0.02732","8.17","8.16","437","26.3","5","APO*"
"(2016 VJ3)","2016-Nov-03 17:46 ±","11.21/0.02881","11.09/0.02848","27.62","27.62","234","24.6","2","APO*"
"(2016 TG55)","2016-Nov-04 02:04 ±","3.83/0.00985","3.83/0.00985","5.95","5.91","2.96e+03","26.0","19","APO*"
"(2016 VW5)","2016-Nov-04 10:46 ±","11.89/0.03055","11.73/0.03014","15.77","15.77","168","24.2","2","APO*"
"(2016 VL2)","2016-Nov-04 16:08 ±","10.92/0.02805","10.83/0.02782","7.21","7.20","218","27.0","2","APO*"
"(2016 VB4)","2016-Nov-04 21:02 ±","3.94/0.01012","3.93/0.01009","17.57","17.55","961","23.8","4","APO*"
"(2016 VQ2)","2016-Nov-05 08:04 ±","16.41/0.04217","16.39/0.04211","11.09","11.09","1.39e+03","23.5","6","APO*"
"(2016 VX2)","2016-Nov-05 15:41 ±","11.35/0.02916","11.30/0.02904","6.84","6.83","423","25.7","4","AMO*"
"(2016 UE)","2016-Nov-05 17:38 ±","5.21/0.01339","5.21/0.01338","3.81","3.75","1.91e+03","25.2","8","APO*"
"(2016 UC107)","2016-Nov-06 04:58 ±","5.43/0.01395","5.42/0.01393","12.84","12.82","1.38e+03","25.6","2","APO*"
"(2016 VF)","2016-Nov-06 07:32 ±","14.05/0.03612","14.01/0.03600","8.29","8.28","598","26.6","1","APO*"
"(2016 VO3)","2016-Nov-06 14:03 ±","12.81/0.03291","12.74/0.03275","10.00","9.99","388","26.1","3","APO*"
"(2016 VG)","2016-Nov-06 19:08 ±","4.12/0.01060","4.12/0.01058","10.37","10.34","1.95e+03","26.7","3","ATE*"
"(2016 VN1)","2016-Nov-06 23:16 ±","10.51/0.02701","10.46/0.02689","17.13","17.13","507","25.8","2","APO*"
"(2016 WR)","2016-Nov-07 03:34 ±   00:04","10.81/0.02777","10.70/0.02750","7.72","7.71","188","26.5","2","ATE*"
"(2016 VD4)","2016-Nov-07 05:00 ±","1.47/0.00378","1.47/0.00378","6.67","6.56","1.46e+03","27.6","3","APO*"
"(2002 UQ12)","2016-Nov-07 06:01 ±","19.44/0.04996","19.44/0.04995","20.08","20.08","2.03e+05","22.4","21","APO*"
"(2016 VB18)","2016-Nov-07 06:53 ±   00:02","1.99/0.00512","1.81/0.00465","11.65","11.60","274","26.5","3","APO*"
"(2016 VZ1)","2016-Nov-07 09:10 ±","8.18/0.02101","8.15/0.02095","12.91","12.90","747","26.1","3","APO*"
"(2016 VU5)","2016-Nov-07 15:43 ±","4.01/0.01031","4.00/0.01028","6.91","6.87","631","27.4","3","APO*"
"(2016 VB1)","2016-Nov-07 15:57 ±","0.70/0.00179","0.70/0.00179","5.72","5.46","1.13e+04","28.6","3","ATE*"
"(2016 VS)","2016-Nov-07 21:26 ±","2.73/0.00703","2.73/0.00702","9.63","9.59","1.77e+03","27.4","2","APO*"
"(2016 VR4)","2016-Nov-09 06:16 ±","1.96/0.00503","1.95/0.00501","10.98","10.93","537","28.9","1","APO*"
"(2016 WW)","2016-Nov-10 08:40 ±   00:13","13.62/0.03499","13.26/0.03407","15.01","15.00","84.9","25.3","2","APO*"
"(2016 VF18)","2016-Nov-10 11:35 ±   00:26","0.18/0.00047","0.16/0.00041","13.74","13.31","47.2","29.9","1","APO*"
"(2004 KB)","2016-Nov-10 13:33 ± 1_05:06","10.01/0.02572","8.72/0.02241","13.52","13.51","910","21.1","12","APO*"
"(2016 WX)","2016-Nov-10 14:29 ±   00:05","10.21/0.02624","10.06/0.02586","11.97","11.96","143","25.5","2","APO*"
"(2016 VA1)","2016-Nov-11 02:38 ±","11.24/0.02889","11.21/0.02880","19.03","19.02","780","23.5","7","APO*"
"(2016 VQ)","2016-Nov-11 10:21 ±","2.53/0.00650","2.52/0.00648","13.45","13.42","669","26.0","5","APO*"
"(2016 VD18)","2016-Nov-12 08:17 ±   00:04","14.63/0.03758","14.48/0.03721","10.56","10.55","196","25.6","3","AMO*"
"(2016 VZ)","2016-Nov-12 10:21 ±","3.05/0.00784","3.05/0.00783","9.77","9.74","1.3e+03","25.9","6","APO*"
"(2016 VR)","2016-Nov-12 13:31 ±","6.17/0.01586","6.15/0.01580","9.76","9.75","496","26.2","4","APO*"
"(2016 VY1)","2016-Nov-12 15:13 ±","2.59/0.00665","2.58/0.00663","6.11","6.04","409","24.7","4","APO*"
"(2016 WO)","2016-Nov-12 17:47 ±","12.69/0.03260","12.63/0.03246","14.93","14.92","531","25.6","3","APO*"
"(2016 UN5)","2016-Nov-12 18:43 ±","18.94/0.04867","18.93/0.04865","4.91","4.90","3.93e+03","25.1","10","APO*"
"(2016 VN3)","2016-Nov-12 21:39 ±","6.12/0.01572","6.09/0.01564","17.60","17.59","472","26.2","2","APO*"
"(2016 WN1)","2016-Nov-13 04:24 ±","12.46/0.03202","12.45/0.03199","15.98","15.97","2.73e+03","25.4","10","APO*"
"(2016 VX1)","2016-Nov-13 21:11 ±","5.23/0.01343","5.17/0.01329","17.04","17.03","217","25.0","2","APO*"
"(2016 UB107)","2016-Nov-14 10:52 ±","8.38/0.02154","8.36/0.02148","4.90","4.87","653","25.2","1","APO*"
"(2016 VE4)","2016-Nov-15 08:24 ±","5.24/0.01347","5.23/0.01343","7.30","7.27","638","26.4","3","APO*"
"(2016 WU)","2016-Nov-15 10:01 ±","2.04/0.00524","2.04/0.00524","7.10","7.02","1.46e+03","27.3","7","APO*"
"(2016 WC2)","2016-Nov-15 10:53 ±   00:03","3.35/0.00862","3.30/0.00849","13.25","13.23","145","27.2","1","APO*"
"(2016 WT1)","2016-Nov-15 12:08 ±","13.11/0.03369","13.03/0.03349","12.63","12.62","341","25.8","2","APO*"
"(2016 WF1)","2016-Nov-15 12:59 ±","4.93/0.01267","4.92/0.01265","7.34","7.31","1.24e+03","27.7","3","APO*"
"(2016 VK2)","2016-Nov-16 21:59 ±","11.34/0.02913","11.19/0.02876","15.51","15.50","177","25.0","3","APO*"
"(2016 WF)","2016-Nov-16 22:49 ±","5.71/0.01466","5.70/0.01463","5.89","5.86","900","27.0","5","APO*"
"(2016 WD)","2016-Nov-16 23:01 ±","18.48/0.04748","18.34/0.04714","13.90","13.90","295","24.9","3","AMO*"
"(2016 WC)","2016-Nov-17 04:08 ±","1.73/0.00444","1.72/0.00443","21.85","21.82","713","27.7","1","APO*"
"(2016 WT)","2016-Nov-17 06:54 ±","0.50/0.00129","0.50/0.00129","10.95","10.76","853","29.7","3","APO*"
"(2016 VV2)","2016-Nov-17 09:00 ±","16.73/0.04298","16.72/0.04297","8.21","8.20","1.6e+04","24.8","5","APO*"
"(2016 WY)","2016-Nov-17 13:59 ±","1.73/0.00445","1.73/0.00445","3.34","3.15","3.88e+03","29.4","10","ATE*"
"(2016 WE)","2016-Nov-17 14:50 ±","10.89/0.02797","10.84/0.02784","7.18","7.16","370","26.6","4","APO*"
"(2016 UY56)","2016-Nov-18 06:24 ±","7.20/0.01850","7.20/0.01850","11.85","11.84","1.9e+07","23.9","21","APO*"
"433953 (1997 XR2)","2016-Nov-18 15:05 ±","18.51/0.04756","18.51/0.04756","6.35","6.34","1.79e+07","20.8","74","APO*"
"(2016 WQ1)","2016-Nov-19 01:15 ±","2.34/0.00601","2.34/0.00601","7.92","7.86","3.82e+03","27.8","13","APO*"
"(2016 WN7)","2016-Nov-20 02:06 ±","4.19/0.01076","4.17/0.01071","6.19","6.15","425","27.9","4","ATE*"
"(2016 WM7)","2016-Nov-20 05:47 ±","14.17/0.03641","14.15/0.03635","5.47","5.45","957","26.0","7","APO*"
"(2016 WH)","2016-Nov-21 00:07 ±","2.34/0.00602","2.33/0.00600","11.10","11.06","685","27.0","2","APO*"
"(2016 WL1)","2016-Nov-21 05:35 ±","18.06/0.04641","17.96/0.04615","7.08","7.08","305","25.8","2","APO*"
"(2016 WT3)","2016-Nov-21 12:54 ±","0.94/0.00243","0.94/0.00242","14.52","14.44","502","28.6","1","APO*"
"(2016 WF7)","2016-Nov-21 15:38 ±","1.95/0.00502","1.95/0.00500","6.52","6.43","513","28.8","5","ATE*"
"(2016 VC1)","2016-Nov-22 02:54 ±","17.58/0.04517","17.54/0.04508","18.23","18.23","1.2e+03","21.7","12","APO*"
"(2016 WT7)","2016-Nov-22 10:39 ±","9.51/0.02443","9.50/0.02440","3.70","3.67","1.48e+03","25.9","8","APO*"
"(2016 VS1)","2016-Nov-22 21:48 ±","19.26/0.04949","19.19/0.04931","5.14","5.13","456","25.7","6","ATE*"
"(2016 WC10)","2016-Nov-23 00:09 ±   00:04","2.88/0.00740","2.86/0.00735","9.44","9.40","287","27.1","1","APO*"
"(2016 WU7)","2016-Nov-24 06:13 ±","4.85/0.01247","4.85/0.01245","15.81","15.80","1.92e+03","25.2","3","ATE*"
"(2016 WW2)","2016-Nov-25 02:46 ±","0.35/0.00089","0.35/0.00089","9.87","9.56","2.71e+03","29.0","3","APO*"
"(2016 WU2)","2016-Nov-25 03:41 ±","1.46/0.00375","1.46/0.00375","7.53","7.44","4.2e+03","27.4","2","APO*"
"(2016 WV2)","2016-Nov-25 10:21 ±","6.69/0.01719","6.68/0.01716","7.71","7.69","992","26.3","3","APO*"
"(2016 WG)","2016-Nov-25 20:08 ±","4.20/0.01079","4.19/0.01078","23.30","23.29","1.96e+03","23.3","11","APO*"
"(2016 WW7)","2016-Nov-26 00:52 ±","12.82/0.03294","12.75/0.03277","8.40","8.39","348","26.8","2","AMO*"
"(2016 WV7)","2016-Nov-26 11:12 ±","10.76/0.02764","10.73/0.02757","4.79","4.77","636","27.2","4","APO*"
"(2016 XC18)","2016-Nov-26 17:34 ±","16.35/0.04203","16.29/0.04186","20.56","20.56","1.29e+03","21.9","7","APO*"
"(2016 WR55)","2016-Nov-26 17:46 ±","1.13/0.00289","1.12/0.00288","14.18","14.12","445","28.3","1","APO*"
"(2016 WR8)","2016-Nov-26 20:11 ±","6.49/0.01668","6.46/0.01660","11.75","11.74","424","27.5","3","APO*"
"(2016 XH)","2016-Nov-27 15:12 ±   00:01","19.04/0.04891","18.83/0.04839","6.97","6.96","162","26.0","3","AMO*"
"(2016 WA8)","2016-Nov-27 21:44 ±","8.31/0.02136","8.29/0.02131","13.93","13.92","869","24.7","4","APO*"
"(2016 WL7)","2016-Nov-29 02:04 ±","11.54/0.02966","11.52/0.02959","6.83","6.82","780","24.3","3","APO*"
"(2016 XG)","2016-Nov-29 05:58 ±","3.19/0.00819","3.18/0.00816","11.74","11.71","611","28.4","1","APO*"
"(2016 XQ1)","2016-Nov-29 18:06 ±","8.19/0.02104","8.17/0.02100","8.73","8.72","831","26.0","7","APO*"
"(2016 XL18)","2016-Nov-29 22:01 ±","14.48/0.03720","14.44/0.03711","7.51","7.50","770","26.0","4","APO*"
"(2016 WQ)","2016-Nov-30 10:56 ±","4.45/0.01144","4.43/0.01138","13.57","13.55","441","25.5","6","APO*"
"(2016 XL23)","2016-Nov-30 12:54 ±","0.23/0.00058","0.23/0.00058","10.60","10.16","1.08e+03","29.3","1","APO*"
"(2016 WZ8)","2016-Nov-30 18:47 ±","4.15/0.01067","4.15/0.01065","4.93","4.88","941","28.4","4","APO*"
"(2016 WC8)","2016-Dec-01 03:35 ±","17.66/0.04537","17.58/0.04517","10.78","10.77","457","24.1","2","APO*"
"(2016 WG7)","2016-Dec-01 15:55 ±","2.61/0.00670","2.61/0.00670","6.58","6.52","4.06e+03","26.0","7","ATE*"
"(2016 WQ3)","2016-Dec-01 18:47 ±","1.48/0.00380","1.48/0.00380","3.55","3.35","1.91e+03","28.8","5","APO*"
"(2016 XJ)","2016-Dec-01 23:16 ±","5.09/0.01307","5.08/0.01306","4.65","4.61","1.36e+03","27.4","2","APO*"
"(2016 XZ20)","2016-Dec-02 15:55 ±   00:02","8.95/0.02299","8.74/0.02245","23.43","23.43","108","23.8","2","APO*"
"(2016 WU9)","2016-Dec-03 05:45 ±","18.58/0.04774","18.40/0.04727","17.12","17.12","233","25.2","2","APO*"
"(2016 XB)","2016-Dec-03 21:07 ±   00:06","13.46/0.03458","13.38/0.03438","7.69","7.68","296","26.7","1","APO*"
"(2016 XP1)","2016-Dec-05 10:42 ±","10.92/0.02806","10.89/0.02798","8.08","8.07","697","26.8","4","APO*"
"(2016 WB8)","2016-Dec-05 17:46 ±","3.60/0.00926","3.60/0.00925","8.29","8.26","1.77e+03","25.9","7","APO*"
"(2016 WD7)","2016-Dec-06 09:21 ±","4.18/0.01074","4.18/0.01074","2.81","2.72","2.38e+04","27.3","8","APO*"
"(2016 TD18)","2016-Dec-06 17:56 ±","17.84/0.04584","17.84/0.04584","6.29","6.28","2.74e+04","23.6","16","APO*"
"(2016 WH10)","2016-Dec-06 19:20 ±","5.70/0.01465","5.69/0.01462","10.45","10.43","1.09e+03","26.0","5","APO*"
"(2016 YD8)","2016-Dec-07 03:30 ±   00:08","9.07/0.02330","9.06/0.02327","15.52","15.52","2.5e+03","22.9","4","APO*"
"(2016 XE)","2016-Dec-07 08:42 ±","1.47/0.00379","1.47/0.00378","7.02","6.92","1.67e+03","28.2","4","APO*"
"(2016 WQ8)","2016-Dec-08 20:40 ±","5.08/0.01306","5.06/0.01301","13.95","13.94","605","24.6","6","APO*"
"(2016 XA)","2016-Dec-12 01:30 ±","7.20/0.01849","7.16/0.01840","11.06","11.05","394","26.0","7","APO*"
"(2016 XR23)","2016-Dec-12 13:11 ±","4.42/0.01137","4.42/0.01136","5.93","5.89","1.06e+04","25.4","16","APO*"
"481817 (2008 UL90)","2016-Dec-12 14:53 ±","15.23/0.03914","15.23/0.03914","13.15","13.15","9e+06","18.7","49","IEO*"
"(2017 AD21)","2016-Dec-12 22:13 ±   20:21","13.18/0.03386","8.92/0.02291","3.77","3.74","36.3","27.0","1","APO*"
"(2016 XW20)","2016-Dec-13 00:18 ±","1.79/0.00460","1.79/0.00459","8.42","8.35","1.5e+03","26.7","4","APO*"
"(2016 YY)","2016-Dec-13 05:14 ±","15.01/0.03857","14.99/0.03851","15.99","15.98","3.17e+03","25.4","5","APO*"
"(2016 XA21)","2016-Dec-13 17:25 ±","12.63/0.03246","12.60/0.03238","5.83","5.81","675","25.7","5","APO*"
"(2015 YA)","2016-Dec-13 19:45 ±   00:14","9.61/0.02470","9.11/0.02340","8.00","7.99","3.73e+04","27.4","6","ATE*"
"(2015 XX169)","2016-Dec-13 20:23 ±","7.46/0.01918","7.46/0.01918","6.43","6.41","1.48e+04","27.5","6","APO*"
"(2016 YH)","2016-Dec-15 17:47 ±","7.68/0.01973","7.66/0.01968","8.80","8.78","786","25.5","6","ATE*"
"(2016 YK4)","2016-Dec-15 20:11 ±","5.38/0.01382","5.36/0.01377","7.94","7.92","462","26.1","3","ATE*"
"(2016 YL3)","2016-Dec-16 13:09 ±","15.75/0.04048","15.70/0.04035","10.42","10.41","750","25.3","4","APO*"
"(2016 YE)","2016-Dec-16 21:01 ±","12.18/0.03130","12.16/0.03124","4.68","4.66","755","25.9","6","APO*"
"(2016 XK18)","2016-Dec-18 22:01 ±","5.85/0.01502","5.85/0.01502","8.53","8.50","6.93e+05","24.5","16","APO*"
"(2017 AG3)","2016-Dec-19 00:43 ±   00:03","15.90/0.04086","15.72/0.04040","10.75","10.74","172","25.4","2","APO*"
"(2017 BY32)","2016-Dec-20 09:57 ±   01:00","15.77/0.04052","15.65/0.04021","3.31","3.29","218","26.3","2","APO*"
"(2010 XN)","2016-Dec-21 00:27 ±","17.47/0.04489","17.47/0.04488","11.65","11.65","1.15e+05","24.2","14","APO*"
"481457 (2006 XD2)","2016-Dec-21 07:55 ±","18.86/0.04845","18.86/0.04845","13.59","13.58","2.39e+07","21.0","47","APO*"
"(2016 YG)","2016-Dec-21 15:41 ±","11.70/0.03005","11.67/0.02999","7.44","7.43","814","26.0","5","APO*"
"(2015 YQ1)","2016-Dec-21 16:09 ±   00:20","6.17/0.01585","5.58/0.01433","11.99","11.98","5.29e+04","28.0","7","APO*"
"(2016 YC13)","2016-Dec-21 21:46 ±   10:03","5.79/0.01488","4.03/0.01036","13.41","13.40","20.6","26.7","1","APO*"
"(2016 YJ)","2016-Dec-22 10:22 ±","1.22/0.00313","1.22/0.00312","9.36","9.27","1.1e+03","27.1","6","APO*"
"(2016 YY10)","2016-Dec-22 14:23 ±","8.97/0.02306","8.93/0.02294","9.79","9.78","372","25.9","1","APO*"
"(2016 YS)","2016-Dec-23 03:02 ±","3.92/0.01008","3.92/0.01008","8.46","8.43","2.78e+03","25.0","4","APO*"
"(2016 XD2)","2016-Dec-23 19:29 ±","16.91/0.04345","16.86/0.04331","7.33","7.33","569","23.9","11","ATE*"
"(2016 YQ)","2016-Dec-23 23:36 ±","12.24/0.03145","12.22/0.03140","6.52","6.51","1.01e+03","24.8","7","APO*"
"(2017 AT20)","2016-Dec-24 11:49 ±   23:15","1.48/0.00381","1.21/0.00311","7.98","7.90","36.1","27.1","1","APO*"
"(2017 AD5)","2016-Dec-24 14:59 ±","10.59/0.02721","10.55/0.02711","8.13","8.12","480","24.1","4","APO*"
"(2016 YF)","2016-Dec-24 20:53 ±","8.68/0.02231","8.67/0.02228","7.70","7.69","1.3e+03","25.4","12","APO*"
"(2017 AO4)","2016-Dec-26 03:25 ±","5.71/0.01466","5.70/0.01465","7.84","7.82","1.92e+03","24.9","7","APO*"
"(2017 AH5)","2016-Dec-26 09:33 ±   00:26","8.18/0.02102","7.95/0.02042","21.07","21.07","104","24.3","1","APO*"
"(2016 YR)","2016-Dec-27 05:00 ±   00:04","7.16/0.01841","7.15/0.01836","2.34","2.27","585","27.2","6","APO*"
"(2017 AE3)","2016-Dec-28 13:48 ±","8.49/0.02181","8.48/0.02179","18.95","18.94","2.76e+03","21.8","8","APO*"
"(2016 YM3)","2016-Dec-29 03:06 ±","4.42/0.01135","4.41/0.01132","8.38","8.35","765","26.8","2","APO*"
"(2012 YK)","2016-Dec-30 01:58 ±","16.87/0.04334","16.87/0.04334","10.51","10.50","4.28e+05","23.0","28","ATE*"
"(2017 AG5)","2016-Dec-30 21:46 ±","4.57/0.01175","4.57/0.01175","8.62","8.60","1.23e+04","22.5","23","APO*"
"(2016 YH3)","2016-Dec-31 09:00 ±","14.56/0.03741","14.48/0.03720","14.59","14.59","395","24.5","2","APO*"
"(2017 AP4)","2017-Jan-01 01:17 ±","2.23/0.00574","2.23/0.00574","7.78","7.72","6.06e+03","26.9","9","APO*"
"226514 (2003 UX34)","2017-Jan-02 12:18 ±","19.03/0.04890","19.03/0.04890","20.65","20.65","2.02e+06","20.1","53","APO*"
"(2017 AK13)","2017-Jan-03 19:32 ±","8.75/0.02248","8.73/0.02243","11.53","11.52","929","23.6","5","APO*"
"(2017 BF32)","2017-Jan-04 03:31 ±   00:22","16.42/0.04219","15.81/0.04064","15.31","15.31","554","24.1","2","APO*"
"(2016 YB8)","2017-Jan-04 05:44 ±","11.68/0.03001","11.65/0.02993","12.43","12.42","742","24.5","6","APO*"
"(2017 AL13)","2017-Jan-04 06:14 ±","10.46/0.02689","10.38/0.02667","12.00","11.99","309","25.5","2","APO*"
"(2016 XK)","2017-Jan-04 12:46 ±","16.83/0.04326","16.81/0.04320","7.81","7.81","1.42e+03","23.2","9","APO*"
"(2017 AF13)","2017-Jan-06 00:07 ±","2.81/0.00723","2.81/0.00722","7.08","7.03","2.87e+03","26.5","3","APO*"
"(2017 AP19)","2017-Jan-06 16:20 ±","3.35/0.00861","3.34/0.00859","11.35","11.33","1.15e+03","23.6","2","APO*"
"(2017 AZ3)","2017-Jan-07 02:53 ±","1.29/0.00332","1.29/0.00332","5.82","5.68","1.99e+03","30.0","2","APO*"
"(2016 YK)","2017-Jan-08 01:10 ±","13.53/0.03477","13.50/0.03470","9.83","9.82","971","23.6","13","APO*"
"(2017 BY)","2017-Jan-08 02:18 ±","5.29/0.01358","5.28/0.01357","5.01","4.97","1.68e+03","25.5","8","APO*"
"(2017 AS4)","2017-Jan-08 17:05 ±","1.46/0.00376","1.46/0.00374","18.45","18.42","778","26.8","3","APO*"
"(2017 AG13)","2017-Jan-09 12:50 ±","0.54/0.00139","0.54/0.00139","15.70","15.58","3.19e+03","26.1","4","ATE*"
"(2017 AT4)","2017-Jan-09 15:35 ±","10.96/0.02816","10.95/0.02814","3.41","3.38","2.02e+03","26.6","11","APO*"
"(2017 AM13)","2017-Jan-10 18:16 ±","14.75/0.03791","14.67/0.03769","16.28","16.28","395","25.0","2","APO*"
"(2017 AF3)","2017-Jan-11 17:14 ±","15.06/0.03870","14.98/0.03848","9.19","9.18","342","25.3","7","APO*"
"(2017 BS)","2017-Jan-12 04:46 ±","14.80/0.03802","14.77/0.03795","6.39","6.38","867","24.5","4","APO*"
"(2017 BV)","2017-Jan-13 20:05 ±","10.64/0.02733","10.56/0.02714","11.26","11.25","280","26.0","2","APO*"
"(2017 BU32)","2017-Jan-14 00:32 ±   00:02","16.99/0.04367","16.92/0.04347","6.95","6.94","405","26.5","1","APO*"
"(2017 BW6)","2017-Jan-14 02:49 ±   00:03","15.94/0.04095","15.65/0.04020","9.98","9.98","538","25.3","2","APO*"
"(2017 AJ13)","2017-Jan-14 10:54 ±","6.73/0.01728","6.71/0.01725","10.68","10.67","982","24.1","5","APO*"
"(2017 BF92)","2017-Jan-15 02:35 ±   00:16","10.05/0.02582","9.59/0.02465","9.93","9.92","40.7","26.6","1","APO*"
"(2017 BW93)","2017-Jan-15 14:31 ±   00:03","10.29/0.02645","10.12/0.02601","7.90","7.89","188","25.2","2","APO*"
"(2017 BN32)","2017-Jan-17 18:06 ±","12.27/0.03152","12.25/0.03148","4.82","4.80","2.11e+03","24.9","9","APO*"
"(2016 YC8)","2017-Jan-18 04:40 ±","9.47/0.02433","9.46/0.02431","6.67","6.65","1.94e+03","24.6","12","APO*"
"(2015 BB)","2017-Jan-18 08:36 ± 1_02:45","13.79/0.03543","13.40/0.03442","15.85","15.84","2.75e+04","24.9","3","APO*"
"(2017 BY6)","2017-Jan-19 09:19 ±","17.70/0.04547","17.56/0.04513","8.54","8.54","242","26.0","2","APO*"
"(2017 BG92)","2017-Jan-19 13:55 ±   00:03","1.62/0.00416","1.61/0.00413","5.49","5.37","264","28.5","3","APO*"
"(2017 BC6)","2017-Jan-19 22:19 ±","7.70/0.01978","7.62/0.01958","12.17","12.16","205","26.7","2","APO*"
"(2017 BE30)","2017-Jan-20 08:45 ±","5.65/0.01451","5.63/0.01446","16.43","16.42","685","26.1","8","APO*"
"(2017 BQ30)","2017-Jan-21 03:10 ±","7.34/0.01885","7.31/0.01879","10.57","10.55","667","25.4","5","APO*"
"(2017 BS5)","2017-Jan-21 10:15 ±","6.55/0.01682","6.54/0.01681","5.95","5.92","2.72e+03","24.1","5","APO*"
"(2017 BR5)","2017-Jan-22 05:28 ±","2.11/0.00542","2.10/0.00540","10.36","10.32","416","27.6","1","APO*"
"(2017 BK)","2017-Jan-22 09:29 ±","15.24/0.03915","15.20/0.03905","8.92","8.91","708","24.0","7","APO*"
"(2017 BR6)","2017-Jan-23 09:10 ±","4.78/0.01228","4.77/0.01225","9.76","9.74","787","27.9","2","ATE*"
"(2017 BN6)","2017-Jan-23 14:09 ±","1.66/0.00426","1.65/0.00423","13.97","13.93","371","27.4","3","APO*"
"(2017 BD6)","2017-Jan-24 09:59 ±","1.98/0.00509","1.98/0.00508","9.27","9.21","1.15e+03","28.4","8","APO*"
"(2017 BZ6)","2017-Jan-24 14:22 ±","15.77/0.04051","15.75/0.04046","3.40","3.38","1.38e+03","26.1","11","APO*"
"(2017 CO)","2017-Jan-25 01:52 ±   00:03","16.70/0.04291","16.61/0.04268","3.87","3.85","304","26.1","4","APO*"
"(2017 BX)","2017-Jan-25 04:54 ±","0.69/0.00178","0.69/0.00178","7.43","7.23","5.7e+03","28.0","6","APO*"
"(2017 CP)","2017-Jan-25 14:27 ±   00:01","8.17/0.02099","8.11/0.02084","6.00","5.98","234","27.1","1","APO*"
"(2017 BA6)","2017-Jan-25 16:18 ±","13.50/0.03470","13.42/0.03448","15.11","15.10","351","26.3","1","APO*"
"(2017 BM30)","2017-Jan-25 19:06 ±","4.69/0.01205","4.68/0.01202","16.95","16.93","704","26.5","5","APO*"
"(2017 BA7)","2017-Jan-26 01:37 ±","1.12/0.00287","1.12/0.00287","18.98","18.93","1.93e+03","28.1","4","APO*"
"(2017 AK3)","2017-Jan-26 05:22 ±","11.26/0.02893","11.26/0.02892","10.71","10.70","4.6e+03","24.6","11","APO*"
"(2016 YP4)","2017-Jan-26 06:25 ±","12.65/0.03250","12.65/0.03249","2.33","2.30","9.36e+03","27.0","13","APO*"
"(2017 BR32)","2017-Jan-27 17:41 ±","7.70/0.01979","7.68/0.01974","8.10","8.09","875","26.7","3","APO*"
"(2017 BH30)","2017-Jan-30 04:51 ±","0.13/0.00035","0.13/0.00035","15.46","14.96","7.2e+03","28.8","5","APO*"
"(2017 BN30)","2017-Jan-31 00:50 ±","10.22/0.02626","10.19/0.02618","7.99","7.98","624","25.7","4","APO*"
"(2017 BJ30)","2017-Jan-31 02:36 ±","1.03/0.00264","1.03/0.00263","5.89","5.72","3.55e+03","26.7","3","APO*"
"(2017 BY5)","2017-Jan-31 08:59 ±","10.42/0.02677","10.39/0.02669","9.48","9.47","608","26.0","2","APO*"
"(2017 CR1)","2017-Jan-31 14:00 ±","8.70/0.02236","8.67/0.02228","5.49","5.47","454","27.8","1","APO*"
"(2017 BT6)","2017-Jan-31 17:48 ±","13.12/0.03370","13.06/0.03357","12.28","12.28","514","24.8","1","APO*"
"(2017 BB7)","2017-Jan-31 17:54 ±","2.97/0.00764","2.96/0.00761","7.18","7.13","441","27.9","3","ATE*"
"(2017 CM1)","2017-Jan-31 21:57 ±","18.95/0.04869","18.89/0.04853","6.39","6.38","533","25.8","4","AMO*"
"(2017 BN92)","2017-Feb-01 15:23 ±","4.84/0.01244","4.84/0.01243","6.30","6.27","1.76e+03","25.6","7","APO*"
"(2017 BF136)","2017-Feb-02 02:45 ±","7.86/0.02020","7.75/0.01992","20.73","20.72","173","26.1","1","APO*"
"(2017 BB6)","2017-Feb-02 04:43 ±","5.57/0.01432","5.54/0.01423","9.81","9.79","287","27.1","3","APO*"
"(2017 BQ32)","2017-Feb-02 08:32 ±","10.32/0.02651","10.28/0.02641","7.46","7.45","452","26.8","3","APO*"
"(2017 CY32)","2017-Feb-02 13:59 ±   00:06","1.63/0.00419","1.58/0.00406","17.68","17.64","65.8","28.5","1","APO*"
"(2017 BS32)","2017-Feb-02 20:24 ±","0.42/0.00109","0.42/0.00109","11.57","11.36","4.3e+03","27.3","7","ATE*"
"(2017 CT)","2017-Feb-03 00:04 ±   00:04","11.03/0.02834","10.93/0.02810","10.56","10.55","227","26.8","1","APO*"
"(2005 VL1)","2017-Feb-03 14:41 ±","11.41/0.02932","11.41/0.02932","5.59","5.57","2.7e+05","26.6","17","ATE*"
"(2017 CX1)","2017-Feb-04 14:41 ±","3.57/0.00916","3.56/0.00915","4.27","4.20","1.71e+03","28.2","2","APO*"
"(2017 BG30)","2017-Feb-05 13:25 ±","2.48/0.00637","2.47/0.00636","3.30","3.17","915","29.4","5","APO*"
"(2013 FK)","2017-Feb-05 17:32 ±","7.10/0.01824","7.10/0.01824","8.72","8.70","1.52e+07","23.3","26","APO*"
"(2017 BK30)","2017-Feb-05 21:51 ±","8.64/0.02220","8.62/0.02216","10.40","10.39","902","27.3","10","APO*"
"(2017 BZ93)","2017-Feb-05 23:35 ±","12.65/0.03249","12.55/0.03226","24.59","24.59","353","24.9","2","APO*"
"(2017 CR)","2017-Feb-06 03:48 ±","4.27/0.01098","4.24/0.01090","17.22","17.21","306","26.5","2","APO*"
"(2017 CR5)","2017-Feb-06 08:17 ±","8.27/0.02125","8.18/0.02102","7.05","7.03","157","26.9","1","APO*"
"(2017 BV93)","2017-Feb-07 04:34 ±   00:02","16.04/0.04122","15.96/0.04101","4.20","4.19","301","24.9","5","ATE*"
"(2017 BQ6)","2017-Feb-07 06:36 ±","6.56/0.01686","6.56/0.01686","11.20","11.19","5.62e+05","21.4","21","APO*"
"(2017 CX31)","2017-Feb-07 08:46 ±","3.02/0.00777","3.02/0.00777","9.18","9.14","2.27e+03","25.1","2","APO*"
"(2017 BU)","2017-Feb-07 11:35 ±","15.25/0.03918","15.21/0.03909","6.97","6.96","798","25.1","11","APO*"
"(2015 BN509)","2017-Feb-07 21:31 ±","16.21/0.04165","16.21/0.04165","19.37","19.37","8.66e+06","20.7","45","APO*"
"(2016 YJ4)","2017-Feb-08 18:52 ±","17.36/0.04461","17.34/0.04457","9.91","9.90","2.3e+03","23.3","7","APO*"
"(2017 BM93)","2017-Feb-08 20:37 ±","3.36/0.00863","3.34/0.00859","10.67","10.64","379","26.5","4","APO*"
"(2017 BM3)","2017-Feb-08 23:37 ±","12.54/0.03223","12.54/0.03221","8.52","8.51","2.69e+03","23.0","14","ATE*"
"(2017 BP30)","2017-Feb-09 02:30 ±","14.68/0.03772","14.63/0.03758","7.14","7.13","486","26.0","5","APO*"
"(2017 CF32)","2017-Feb-10 05:43 ±","2.57/0.00659","2.56/0.00659","4.04","3.94","2.46e+03","26.1","12","APO*"
"(2017 DX34)","2017-Feb-10 08:32 ±","5.06/0.01299","5.05/0.01297","5.55","5.51","1.81e+03","25.2","7","APO*"
"(2017 DC)","2017-Feb-10 16:27 ±","10.27/0.02639","10.22/0.02627","32.28","32.28","1.15e+03","23.0","6","APO*"
"(2014 DV110)","2017-Feb-10 19:45 ±   17:21","9.85/0.02531","0.88/0.00225","7.95","7.94","4.6e+03","24.9","9","ATE*"
"(2017 BO6)","2017-Feb-12 04:05 ±","18.19/0.04674","18.09/0.04648","7.22","7.21","313","26.1","6","ATE*"
"(2017 CP32)","2017-Feb-12 05:35 ±","2.39/0.00614","2.39/0.00613","10.36","10.32","971","23.9","5","ATE*"
"(2015 QR3)","2017-Feb-12 10:38 ±","13.30/0.03419","13.30/0.03419","7.00","6.99","1.92e+05","25.7","6","APO*"
"(2017 BK32)","2017-Feb-12 12:36 ±","10.57/0.02715","10.52/0.02704","13.44","13.43","518","26.1","4","APO*"
"(2017 DT15)","2017-Feb-13 07:28 ±","17.20/0.04421","17.18/0.04415","4.86","4.85","1.21e+03","25.2","11","AMO*"
"(2017 DY119)","2017-Feb-13 12:42 ±   03:55","6.95/0.01785","6.58/0.01690","13.62","13.61","42.4","26.1","1","APO*"
"(2017 DK34)","2017-Feb-13 14:23 ±","6.15/0.01581","6.14/0.01577","8.64","8.62","649","26.8","2","APO*"
"(2017 DS15)","2017-Feb-13 22:28 ±","6.51/0.01673","6.47/0.01663","19.14","19.13","400","25.7","2","APO*"
"(2017 BW)","2017-Feb-17 01:41 ±","4.63/0.01191","4.63/0.01191","4.97","4.92","1.01e+07","23.4","36","APO*"
"(2017 DW119)","2017-Feb-17 12:02 ±   01:37","15.03/0.03862","10.31/0.02648","7.71","7.70","6.02","26.7","1","APO*"
"(2017 DP36)","2017-Feb-17 17:10 ±","1.53/0.00393","1.52/0.00391","6.13","6.01","551","28.3","1","APO*"
"(2017 DH16)","2017-Feb-17 23:16 ±","3.33/0.00855","3.32/0.00852","9.52","9.48","533","27.1","4","APO*"
"(2017 DC36)","2017-Feb-18 12:06 ±","4.23/0.01088","4.23/0.01087","8.16","8.13","3.16e+03","22.1","21","ATE*"
"(2017 DX119)","2017-Feb-18 15:58 ±   00:04","2.27/0.00584","2.26/0.00582","9.48","9.44","790","28.5","1","APO*"
"(2017 DZ35)","2017-Feb-19 08:40 ±","6.40/0.01645","6.39/0.01642","8.48","8.46","880","26.3","2","APO*"
"(2017 DF)","2017-Feb-19 09:27 ±","2.09/0.00536","2.09/0.00536","5.37","5.28","7.43e+03","26.6","7","APO*"
"(2017 DB)","2017-Feb-20 16:34 ±","1.82/0.00468","1.82/0.00468","8.10","8.03","1.36e+03","27.0","4","APO*"
"(2017 DV15)","2017-Feb-21 03:16 ±","8.76/0.02251","8.75/0.02250","6.93","6.91","3.14e+03","25.2","6","APO*"
"(2017 DQ34)","2017-Feb-22 00:54 ±","15.48/0.03978","15.38/0.03952","13.45","13.44","326","26.0","3","AMO*"
"(2016 CO246)","2017-Feb-22 02:04 ±","15.32/0.03937","15.32/0.03937","5.42","5.41","1.14e+05","26.1","11","APO*"
"(2017 DP34)","2017-Feb-22 02:25 ±","13.48/0.03463","13.44/0.03453","8.57","8.57","641","24.2","6","APO*"
"(2017 FB3)","2017-Feb-22 14:17 ±   01:29","11.34/0.02914","11.24/0.02888","4.32","4.30","157","25.7","1","APO*"
"(2017 DD36)","2017-Feb-22 15:15 ±","2.49/0.00639","2.48/0.00638","8.50","8.45","780","26.7","5","APO*"
"(2017 DD)","2017-Feb-23 11:36 ±","14.58/0.03747","14.57/0.03744","7.52","7.51","1.78e+03","23.2","7","APO*"
"(2017 DZ37)","2017-Feb-23 19:46 ±","1.01/0.00258","1.00/0.00258","13.01","12.93","719","28.6","1","APO*"
"(2017 DR109)","2017-Feb-23 20:34 ±","2.32/0.00596","2.32/0.00595","7.19","7.13","662","27.6","1","ATE*"
"(2017 DG16)","2017-Feb-23 21:08 ±","0.36/0.00092","0.36/0.00092","6.91","6.48","1.86e+03","29.3","3","APO*"
"(2017 BY93)","2017-Feb-23 22:00 ±","2.37/0.00609","2.37/0.00609","19.25","19.22","7.44e+05","23.1","27","APO*"
"(2017 DU34)","2017-Feb-24 01:52 ±","9.99/0.02566","9.97/0.02561","10.65","10.64","1e+03","26.8","3","ATE*"
"(2017 DT34)","2017-Feb-24 03:33 ±","2.44/0.00627","2.44/0.00627","10.59","10.55","2.69e+03","27.8","2","APO*"
"5604 (1992 FE)","2017-Feb-24 10:03 ±","13.07/0.03360","13.07/0.03360","11.94","11.94","1.04e+06","17.2","111","ATE*"
"(2017 CP1)","2017-Feb-24 10:26 ±","3.58/0.00920","3.58/0.00920","4.55","4.49","1.07e+04","24.6","18","APO*"
"(2017 DR34)","2017-Feb-25 04:52 ±","0.58/0.00149","0.58/0.00149","11.41","11.26","2.31e+03","29.2","1","APO*"
"(2017 DX35)","2017-Feb-25 10:27 ±","13.27/0.03409","13.23/0.03400","5.68","5.67","602","27.1","2","AMO*"
"(2017 DF38)","2017-Feb-26 03:50 ±","8.88/0.02281","8.86/0.02277","8.64","8.63","1.06e+03","26.0","3","APO*"
"(2017 EA3)","2017-Feb-26 12:01 ±","10.76/0.02764","10.73/0.02757","10.45","10.44","786","23.2","4","APO*"
"(2016 FU12)","2017-Feb-26 16:36 ±   00:37","16.25/0.04175","15.66/0.04024","3.88","3.86","396","26.9","3","APO*"
"(2017 DV36)","2017-Feb-27 02:58 ±","1.02/0.00263","1.02/0.00263","10.78","10.68","2.88e+03","27.9","2","APO*"
"(2017 DA38)","2017-Feb-27 05:03 ±","7.29/0.01874","7.29/0.01872","7.48","7.46","2.19e+03","24.9","8","APO*"
"(2017 ET2)","2017-Feb-27 19:40 ±","12.08/0.03104","11.91/0.03061","10.80","10.79","143","25.8","3","APO*"
"(2017 DS34)","2017-Feb-27 19:49 ±","7.12/0.01829","7.08/0.01821","21.97","21.97","526","25.7","4","APO*"
"(2017 BM123)","2017-Feb-27 20:02 ±","12.43/0.03194","12.42/0.03192","8.68","8.67","3.63e+03","23.7","12","APO*"
"(2017 DS37)","2017-Feb-28 01:20 ±","7.43/0.01909","7.42/0.01906","5.51","5.48","886","27.3","1","ATE*"
"(2017 DJ16)","2017-Feb-28 21:50 ±","4.07/0.01046","4.05/0.01042","11.08","11.05","532","25.8","5","APO*"
"(2017 ED23)","2017-Mar-01 01:36 ±   00:44","6.46/0.01660","6.31/0.01621","25.32","25.32","121","24.6","1","APO*"
"(2017 EK4)","2017-Mar-01 01:42 ±","10.88/0.02796","10.78/0.02771","10.75","10.75","221","26.4","2","APO*"
"(2017 EJ4)","2017-Mar-01 14:14 ±","16.93/0.04351","16.86/0.04332","6.77","6.76","392","25.4","2","APO*"
"(2017 EF3)","2017-Mar-02 01:27 ±","18.52/0.04758","18.29/0.04700","17.09","17.09","187","24.3","2","APO*"
"(2017 ED)","2017-Mar-02 13:25 ±","5.35/0.01375","5.35/0.01374","5.02","4.98","2.14e+03","26.3","7","APO*"
"(2017 EA)","2017-Mar-02 14:05 ±","0.05/0.00014","0.05/0.00014","18.43","17.36","1.59e+04","30.8","1","APO*"
"(2012 DR32)","2017-Mar-02 19:30 ±","4.68/0.01201","4.68/0.01201","16.55","16.53","1.05e+05","24.8","11","ATE*"
"(2017 EJ1)","2017-Mar-03 02:44 ±","2.16/0.00556","2.16/0.00555","9.41","9.36","868","27.7","3","APO*"
"(2017 EG1)","2017-Mar-03 07:07 ±   00:01","4.42/0.01135","4.37/0.01123","6.11","6.07","164","27.5","1","APO*"
"(2017 DP109)","2017-Mar-03 07:40 ±","2.56/0.00658","2.56/0.00657","11.92","11.89","833","26.9","1","APO*"
"(2017 FB1)","2017-Mar-03 13:26 ±   00:16","11.90/0.03059","11.61/0.02983","22.73","22.73","257","23.4","3","APO*"
"(2017 DW34)","2017-Mar-04 02:35 ±","19.11/0.04911","18.92/0.04861","22.19","22.19","244","23.2","5","APO*"
"(2017 FF1)","2017-Mar-04 09:29 ±   00:36","10.47/0.02691","10.31/0.02649","11.94","11.94","144","26.0","1","APO*"
"(2017 EL4)","2017-Mar-04 21:33 ±","8.22/0.02113","8.16/0.02096","16.65","16.64","272","25.4","2","APO*"
"(2017 FR)","2017-Mar-05 02:24 ±   00:04","5.82/0.01495","5.80/0.01489","6.36","6.33","429","25.4","4","APO*"
"(2017 EJ)","2017-Mar-05 11:38 ±","4.87/0.01251","4.86/0.01248","28.07","28.07","1.15e+03","25.4","2","APO*"
"(2017 DS109)","2017-Mar-05 14:29 ±","0.92/0.00236","0.92/0.00236","11.38","11.28","3.67e+03","26.0","2","APO*"
"(2017 EV)","2017-Mar-05 19:34 ±","2.78/0.00714","2.78/0.00713","8.53","8.49","1.38e+03","26.8","3","APO*"
"(2017 FM2)","2017-Mar-06 00:07 ±   00:02","7.00/0.01799","6.97/0.01792","3.35","3.30","454","25.4","1","ATE*"
"(2017 EA23)","2017-Mar-06 07:49 ±   00:04","6.94/0.01784","6.31/0.01622","15.13","15.12","22.6","26.1","1","APO*"
"(2017 DZ108)","2017-Mar-06 10:42 ±","11.06/0.02843","11.04/0.02836","5.97","5.95","670","26.2","5","APO*"
"(2017 EF4)","2017-Mar-06 22:33 ±","7.46/0.01917","7.43/0.01909","7.98","7.96","455","26.2","2","APO*"
"(2017 EF)","2017-Mar-07 07:00 ±","7.43/0.01909","7.42/0.01906","9.53","9.52","1.21e+03","27.2","2","APO*"
"(2017 DL34)","2017-Mar-07 08:17 ±","18.45/0.04740","18.39/0.04726","5.99","5.98","600","25.9","9","APO*"
"(2017 DD38)","2017-Mar-07 12:20 ±","14.95/0.03841","14.88/0.03824","17.15","17.14","524","24.4","5","APO*"
"(2017 EW)","2017-Mar-07 13:57 ±","4.48/0.01150","4.45/0.01144","11.68","11.66","367","27.0","3","APO*"
"(2017 FV2)","2017-Mar-07 22:36 ±   00:04","15.87/0.04077","15.51/0.03985","22.44","22.44","118","23.2","1","APO*"
"(2017 DV35)","2017-Mar-08 14:07 ±   00:01","9.64/0.02478","9.63/0.02473","3.51","3.48","783","27.2","6","ATE*"
"(2017 EZ2)","2017-Mar-08 20:37 ±","5.86/0.01507","5.86/0.01506","10.48","10.46","2.33e+03","25.1","3","APO*"
"(2017 DR35)","2017-Mar-09 04:30 ±   00:01","11.77/0.03024","11.69/0.03005","5.47","5.45","260","26.3","4","APO*"
"(2015 EF)","2017-Mar-10 03:40 ± 1_17:35","18.81/0.04834","2.26/0.00580","15.96","15.96","9.25e+03","26.8","4","APO*"
"(2017 EH3)","2017-Mar-10 05:44 ±","15.53/0.03990","15.49/0.03981","9.06","9.05","800","25.8","2","APO*"
"(2017 FU)","2017-Mar-10 14:06 ±","14.56/0.03740","14.49/0.03724","8.86","8.85","421","25.6","3","APO*"
"(2017 DA36)","2017-Mar-10 22:09 ±","4.04/0.01039","4.04/0.01038","7.19","7.15","2.75e+03","25.1","16","APO*"
"(2012 EQ10)","2017-Mar-11 11:25 ± 2_10:23","17.33/0.04453","8.90/0.02288","7.68","7.67","1.02e+05","25.9","7","APO*"
"(2017 EE3)","2017-Mar-11 21:07 ±","7.77/0.01996","7.76/0.01993","8.62","8.60","1.36e+03","26.0","5","APO*"
"(2017 EM)","2017-Mar-12 08:36 ±","13.86/0.03561","13.82/0.03551","7.59","7.58","643","25.8","3","APO*"
"(2017 EK)","2017-Mar-13 23:35 ±","4.95/0.01273","4.95/0.01271","12.67","12.65","1.22e+03","24.1","11","APO*"
"(2017 EU2)","2017-Mar-14 05:40 ±","12.36/0.03176","12.32/0.03165","8.86","8.85","565","25.5","1","APO*"
"(2017 EK3)","2017-Mar-14 12:15 ±","10.33/0.02654","10.30/0.02646","6.76","6.74","574","26.3","3","APO*"
"(2017 FW)","2017-Mar-14 21:57 ±","4.44/0.01141","4.43/0.01138","14.08","14.07","944","26.5","3","APO*"
"(2017 EE4)","2017-Mar-16 06:31 ±","7.04/0.01809","7.03/0.01806","12.14","12.12","1.16e+03","25.0","4","APO*"
"(1998 SL36)","2017-Mar-16 13:30 ±","8.34/0.02143","8.34/0.02143","14.82","14.82","1.72e+05","20.3","29","APO*"
"(2017 FU2)","2017-Mar-16 20:48 ±","7.26/0.01865","7.22/0.01856","8.06","8.04","360","27.8","1","APO*"
"(2017 FW2)","2017-Mar-16 23:55 ±","5.00/0.01285","4.99/0.01283","13.94","13.92","1.13e+03","25.6","2","ATE*"
"(2017 FY)","2017-Mar-17 03:49 ±","18.91/0.04860","18.74/0.04816","7.74","7.73","197","24.8","3","APO*"
"(2017 EG3)","2017-Mar-17 10:57 ±   00:05","4.38/0.01126","4.35/0.01118","8.27","8.24","250","26.4","1","APO*"
"(2017 FD3)","2017-Mar-17 14:29 ±","0.47/0.00120","0.47/0.00120","11.58","11.39","967","27.7","1","APO*"
"(2017 FA3)","2017-Mar-17 14:51 ±","1.72/0.00441","1.71/0.00439","12.78","12.74","474","28.1","1","APO*"
"(2017 FQ63)","2017-Mar-17 18:58 ±","7.37/0.01894","7.35/0.01888","8.43","8.42","582","25.5","2","APO*"
"(2017 FS)","2017-Mar-19 03:33 ±","0.28/0.00073","0.28/0.00073","20.05","19.86","1.05e+03","29.0","1","APO*"
"(2017 FK)","2017-Mar-20 12:00 ±","1.74/0.00447","1.74/0.00446","9.86","9.80","2.05e+03","27.4","3","APO*"
"(2017 FR63)","2017-Mar-20 13:07 ±   00:03","9.29/0.02388","9.26/0.02380","5.70","5.68","509","26.0","1","ATE*"
"(2017 FN1)","2017-Mar-20 21:02 ±","0.16/0.00042","0.16/0.00042","18.27","17.92","1.39e+03","30.6","2","APO*"
"(2017 FM1)","2017-Mar-20 22:38 ±","0.33/0.00086","0.33/0.00086","10.42","10.12","2.35e+03","29.5","1","APO*"
"(2017 FJ)","2017-Mar-21 15:02 ±","1.98/0.00510","1.98/0.00509","9.26","9.21","1.74e+03","28.1","4","APO*"
"(2017 FL1)","2017-Mar-21 18:48 ±","17.85/0.04587","17.80/0.04573","7.12","7.11","555","24.4","3","AMO*"
"(2017 FO)","2017-Mar-21 21:45 ±","12.18/0.03131","12.03/0.03092","10.09","10.08","155","26.4","2","APO*"
"(2017 FC1)","2017-Mar-22 20:44 ±","15.63/0.04016","15.58/0.04003","7.37","7.36","539","25.9","4","AMO*"
"(2017 FJ3)","2017-Mar-22 20:59 ±   00:03","2.57/0.00661","2.57/0.00660","2.26","2.07","701","29.9","1","APO*"
"(2017 FZ2)","2017-Mar-23 20:42 ±","1.70/0.00437","1.70/0.00437","8.46","8.39","4.35e+03","26.7","2","ATE*"
